kanji,radicals
亜,｜:口
唖,｜:口:刂
逢,｜:二:夂:辶
悪,｜:口:心
以,｜:丶:人
伊,｜:彐:亻
井,｜:丿:二
稲,｜:日:爪:禾
印,｜:卩
引,｜:弓
鵜,｜:丿:弓:鳥:丷:灬
丑,｜:丿
渦,｜:冂:口:氵
焔,｜:勹:日:火
艶,｜:勹:口:日:色:豆:丷
押,｜:日:田:扌
横,｜:二:八:廾:日:木:田:黄
沖,｜:口:氵
下,｜:卜
果,｜:木:田
華,｜:艹
嘩,｜:口:艹
柿,｜:亠:冂:巾:木
角,｜:勹:月
樺,｜:木:艹
鴨,｜:日:田:鳥:灬
患,｜:口:心
諌,｜:日:木:田:言
陥,｜:勹:日:阝.
貴,｜:口:貝
糾,｜:十:糸
旧,｜:日
供,｜:二:八:亻
叫,｜:十:口
業,｜:木:玉:羊:耒:丷
曲,｜:日
巾,｜:冂
串,｜:口
屈,｜:尸:山
掘,｜:尸:山:扌
窟,｜:儿:宀:尸:山:穴
勲,｜:丿:力:日:田:灬
薫,｜:丿:日:艹:灬
慧,｜:彐:心
継,｜:米:糸
兼,｜:八:彐:丷
嫌,｜:八:女:彐:丷
研,｜:丿:亅:口:廾:石
謙,｜:八:彐:言:丷
遣,｜:口:辶
碁,｜:二:八:口:石
候,｜:矢:亻
洪,｜:二:八:氵
甲,｜:日:田
耕,｜:亅:八:土:木:耒:井
購,｜:冂:十:貝
坤,｜:土:日:田
詐,｜:丿:言
坐,｜:人:入:土
座,｜:入:土:广
挫,｜:入:土:扌
再,｜:冂:玉
妻,｜:女:彐
済,｜:丿:廾:文:齊:氵
犀,｜:丿:二:十:尸
斎,｜:丿:廾:文:示:齊
剤,｜:丿:廾:文:齊:刂
在,｜:丿:土
榊,｜:日:木:田:礻
崎,｜:口:大:山
埼,｜:口:土:大
碕,｜:口:大:石
作,｜:丿:亻
咋,｜:丿:口
搾,｜:丿:儿:宀:穴:扌
昨,｜:丿:日
柵,｜:亅:冂:木:冊
窄,｜:丿:儿:宀:穴
策,｜:亅:八:冂:巾:木:竹
錯,｜:日:金
冊,｜:亅:冂:廾
撒,｜:夂:攴:月:扌
散,｜:攴:月
珊,｜:亅:冂:玉:冊
刺,｜:亅:八:冂:巾:木:刂
嗣,｜:亅:冂:口
師,｜:口:巾
獅,｜:口:巾:犭
児,｜:儿:日
爾,｜:八:冂:爻
璽,｜:八:冂:爻:玉
軸,｜:日:田:車
雫,｜:丶:雨
湿,｜:日:氵
篠,｜:攴:木:竹:亻
朱,｜:丿:二:八:木:牛
殊,｜:丿:二:八:木:歹:牛
珠,｜:丿:二:八:木:牛:玉
種,｜:日:禾:里
腫,｜:日:月:里
収,｜:又
州,｜:丶:巛
修,｜:彡:攴:亻
洲,｜:丶:巛:氵
繍,｜:丿:彐:水:糸:隶
酬,｜:丶:巛:酉
重,｜:丿:日:里
粛,｜:丿:彐:水:米:隶
出,｜:山
衝,｜:彳:日:行:里
鍾,｜:日:里:金
乗,｜:丿:八:禾
剰,｜:丿:刂
伸,｜:日:田:亻
申,｜:日:田
神,｜:日:田:礻
紳,｜:日:田:糸
酢,｜:丿:酉
垂,｜:丿
帥,｜:口:巾
睡,｜:丿:目
錘,｜:丿:金
菅,｜:口:宀:艹
世,｜
瀬,｜:貝:頁:氵
整,｜:口:攴:木:止
斉,｜:丿:廾:文
惜,｜:二:日:忄
昔,｜:二:日
籍,｜:亠:八:土:日:木:竹:耒
拙,｜:山:扌
撰,｜:二:八:己:扌
選,｜:二:八:己:辶
岨,｜:山:目
措,｜:二:日:扌
狙,｜:目:犭
疎,｜:口:木:止:疋
祖,｜:目:礻
租,｜:目:禾
粗,｜:目:米
組,｜:目:糸
阻,｜:目:阝.
喪,｜:口:衣
奏,｜:丿:二:大:禾
捜,｜:又:日:田:扌
挿,｜:丿:十:日:田:扌
曹,｜:日
槽,｜:日:木
漕,｜:日:氵
糟,｜:日:米
遭,｜:日:辶
束,｜:八:口:木
速,｜:八:口:木:辶
袖,｜:田:衤
存,｜:丿:子
唾,｜:丿:口
帯,｜:冖:巾
戴,｜:二:八:土:戈:田
泰,｜:丿:二:水
凧,｜:冂:几:巾
巽,｜:二:八:己
湛,｜:儿:匚:甘:氵
断,｜:斤:米
段,｜:殳
値,｜:十:目:亻
中,｜:口
仲,｜:口:亻
宙,｜:宀:日:田
忠,｜:口:心
抽,｜:日:田:扌
弔,｜:弓
暢,｜:日:田:勿
勅,｜:力:口:木
直,｜:十:目
陳,｜:日:木:田:阝.
槌,｜:口:木:辶
追,｜:口:辶
鎚,｜:口:金:辶
壷,｜:冖:口:士
紬,｜:日:田:糸
剃,｜:丿:弓:丷:刂
弟,｜:丿:弓:丷
悌,｜:丿:弓:丷:忄
梯,｜:丿:弓:木:丷
逓,｜:二:厂:巾:辶
鼎,｜:爿:片:目
笛,｜:日:田:竹
迭,｜:丿:大:牛:矢:辶
典,｜:八:日
展,｜:二:尸:衣
殿,｜:二:八:尸:殳
澱,｜:二:八:尸:殳:氵
兎,｜:丶:丿:儿:口
菟,｜:丶:儿:勹:口:艹
凍,｜:冫:日:木:田
唐,｜:口:广:彐
塘,｜:口:土:广:彐
東,｜:日:木:田
棟,｜:日:木:田
湯,｜:日:氵:勿
董,｜:日:里:艹
蕩,｜:日:氵:艹:勿
藤,｜:月:水:艹
謄,｜:月:言
働,｜:力:日:亻
動,｜:力:日:里
峠,｜:卜:山
橡,｜:勹:口:木:豕
凸,｜:冂:凵
届,｜:尸:日:田
乍,｜:丿
廿,｜:凵
禰,｜:冂:爻:礻
念,｜:心:个
捻,｜:心:个:扌
乃,｜:丿
嚢,｜:亠:八:冖:口:衣
濃,｜:厂:日:衣:辰:氵
膿,｜:厂:日:月:衣:辰
農,｜:厂:日:衣:辰
拝,｜:干:扌
杯,｜:丿:木:礻
矧,｜:弓:矢
曝,｜:八:日:水
爆,｜:八:日:水:火:井
伴,｜:二:十:亻:丷
判,｜:二:十:丷:刂
半,｜:二:十:丷
畔,｜:二:十:田:丷
挽,｜:儿:扌:免
費,｜:弓:貝
眉,｜:尸:目
畢,｜:田
紐,｜:糸
評,｜:二:言:丷
不,｜:丶:丿
埠,｜:十:口:土:阝.
普,｜:二:日:丷
譜,｜:二:日:言:丷
撫,｜:丿:扌:灬:無
舞,｜:丿:二:夕:舛:無
蕪,｜:丿:艹:灬:無
淵,｜:氵
弗,｜:丿:弓
沸,｜:丿:弓:氵
糞,｜:二:田:米:丷:井
併,｜:丿:二:廾:亻:丷
塀,｜:丿:二:八:土:尸:廾
弊,｜:冂:巾:廾:攴:丷:尚
並,｜:二:丷
蔽,｜:冂:巾:攴:丷:尚:艹
瞥,｜:冂:巾:攴:目:丷:尚
偏,｜:冂:戸:亻:冊
篇,｜:冂:戸:竹:冊
編,｜:冂:戸:糸:冊
遍,｜:冂:戸:辶:冊
便,｜:丿:日:田:亻
俸,｜:丿:二:人:大:亻
奉,｜:丿:二:人:大
峰,｜:夂:山
峯,｜:夂:山
捧,｜:丿:二:人:大:扌
縫,｜:夂:糸:辶
蓬,｜:夂:艹:辶
蜂,｜:夂:虫
豊,｜:口:日:豆:丷
鋒,｜:夂:金
暴,｜:二:八:日:水:井
棒,｜:丿:二:人:大:木
堀,｜:土:尸:山
妹,｜:二:亠:八:女:木
昧,｜:二:亠:八:日:木
抹,｜:亠:八:木:扌
末,｜:亠:八:木
沫,｜:二:亠:八:木:氵
万,｜:丿
満,｜:二:冂:山:氵
味,｜:二:亠:八:口:木
未,｜:二:亠:八:木
魅,｜:二:亠:儿:八:匕:木:田:鬼
岬,｜:山:日:田
無,｜:丿:灬
免,｜:儿:勹:口
耗,｜:八:士:木:毛:耒
餅,｜:丿:二:廾:食:丷
也,｜:乙:匕
鑓,｜:口:金:辶
油,｜:日:田:氵
幽,｜:凵:幺
悠,｜:夂:心:攴:亻
柚,｜:日:木:田
由,｜:日:田
郵,｜:丿:.阝
翼,｜:二:八:冫:田:羽:井
来,｜:二:亠:木:米
莱,｜:二:亠:木:米:艹
頼,｜:八:口:木:貝:頁
欄,｜:日:木:田:門
蘭,｜:日:木:門:艹
侶,｜:口:亻
両,｜:冂:山
倫,｜:亅:个:亻:冊
輪,｜:車:个:冊
霊,｜:二:雨
廉,｜:八:广:彐:丷
煉,｜:八:日:木:火:田
簾,｜:八:广:彐:竹
練,｜:八:日:木:田:糸
錬,｜:八:日:木:田:金:丷
婁,｜:口:女
蝋,｜:几:用:虫:尚
論,｜:言:个:冊
歪,｜:丶:丿:止
丕,｜:丶:丿
个,｜
丱,｜:丿
丼,｜:丶:丿:二:廾:井
豫,｜:亅:勹:口:矛:豕:マ
佛,｜:丿:弓:亻
來,｜:人:八:十:木
俤,｜:丿:弓:亻:丷
倔,｜:尸:山:亻
倆,｜:人:冂:亻
假,｜:又:亻
儂,｜:辰:亻
兩,｜:入:冂
冉,｜:冂
冓,｜:冂
冲,｜:冫:口
剏,｜:丿:二:刀:廾:丷
剌,｜:八:口:木:刂
剩,｜:匕:爿:刂
勳,｜:力:灬
匣,｜:匚:田
卅,｜:丿:十:巛
丗,｜:十:山
卍,｜:十
吽,｜:二:口:牛
呷,｜:口:田
呻,｜:口:田
咄,｜:口:山
哄,｜:二:八:口
喘,｜:冂:口:山:而
喇,｜:亠:八:口:木:刂
嗽,｜:八:口:木:欠
嘸,｜:丿:口:灬:無
嘯,｜:丿:口:彐:水:米:聿:隶
坏,｜:丶:丿:土
垪,｜:丿:二:土:廾:丷
堙,｜:土:襾
墟,｜:匕:卜:厂:土:虍:丷
壙,｜:二:八:土:广:田:黄
壤,｜:亠:口:土:衣
妍,｜:丿:二:女:廾
娉,｜:勹:女:田
媚,｜:女:尸:目
媾,｜:二:冂:女
嫂,｜:又:女:田
嫩,｜:八:口:女:攴:木
嬋,｜:十:口:女:田
嬾,｜:八:口:女:木:貝:頁
孃,｜:亠:口:女:衣
孺,｜:冂:子:而:雨
屏,｜:丿:二:尸:廾:丷
岫,｜:山:田
岼,｜:二:山:干:丷
崋,｜:山
崛,｜:尸:山
崙,｜:山:个:冊
崘,｜:山:个:冊
嵋,｜:尸:山:目
廡,｜:广:灬:無
廸,｜:廴:日
彈,｜:十:口:弓:田
彌,｜:八:冂:弓:爻
彿,｜:丿:弓:彳
徠,｜:人:八:彳:木
忸,｜:忄
怎,｜:丿:心
怫,｜:丿:弓:忄
恆,｜:彑:忄
悚,｜:八:口:木:忄
惠,｜:厶:心:日:虫
慊,｜:彐:丷:忄
慟,｜:丿:力:日:忄
憖,｜:人:八:心:木:犬
憚,｜:十:口:田:忄
懣,｜:入:冂:凵:心:氵
懶,｜:八:口:木:貝:頁:忄
戰,｜:十:口:戈:田
扁,｜:冂:戸:冊
抔,｜:丶:丿:扌
抻,｜:日:田:扌
拌,｜:二:十:干:丷:尚:扌
拂,｜:丿:弓:扌
拱,｜:二:八:扌
搜,｜:十:又:支:臼:扌
捶,｜:丿:二:扌
揀,｜:八:日:木:扌
搴,｜:二:八:宀:手
搆,｜:八:冂:黄:扌
舉,｜:二:八:臼
收,｜:攴
攸,｜:丿:攴
敕,｜:八:口:攴:木
敝,｜:冂:巾:攴:丷:尚
數,｜:口:女:攴
斷,｜:幺:斤
曄,｜:二:日:艹
曩,｜:亠:八:日:衣
朏,｜:山:月
朮,｜:丶:儿:木
朿,｜:八:冂:木
柞,｜:丿:木
柮,｜:山:木
棘,｜:亠:八:冂:巾:木
棗,｜:亠:八:冂:巾:木
椪,｜:木:丷
椣,｜:八:日:木
棆,｜:木:个:冊
寨,｜:八:宀:木
樓,｜:口:女:木
飮,｜:欠:食:个
歉,｜:彐:欠:丷
洙,｜:丿:二:八:土:木:牛:氵
涕,｜:丿:弓:丷:氵
渊,｜:丿:米:氵
淒,｜:女:彐:氵
淪,｜:个:氵:冊
溂,｜:八:口:木:刂:氵
溏,｜:口:广:彐:氵
澑,｜:田:氵
濂,｜:八:广:彐:氵
濔,｜:八:冂:爻:氵
瀑,｜:二:八:日:水:氵
瀟,｜:丿:彐:水:氵:艹
瀰,｜:八:冂:弓:爻:氵
瀾,｜:日:木:田:門:氵
炸,｜:丿:火
烽,｜:二:夂:火
熏,｜:丿:日:田:灬
燻,｜:丿:日:火:田
燼,｜:彐:火:皿:聿:灬
爛,｜:八:日:木:火:門
狃,｜:犭
狆,｜:口:犭
狎,｜:日:田:犭
狒,｜:丿:弓:犭
璢,｜:玉:田
瑕,｜:又:玉
瑾,｜:口:玉:艹
畍,｜:丿:田:个
畊,｜:丿:二:田:井
疥,｜:丿:疒:个
痞,｜:丶:丿:口:疒
瘻,｜:口:女:疒
眛,｜:二:八:木:目
睇,｜:丿:弓:目:丷
睫,｜:土:彐:目:走
瞞,｜:入:冂:凵:目
瞶,｜:口:目:貝
矗,｜:十:目
祟,｜:山:示
祚,｜:丿:礻
禪,｜:口:日:田:礻
禮,｜:口:日:豆:丷:礻
禳,｜:亠:八:衣:礻
秉,｜:丿:八:彐:禾
秣,｜:亠:八:木:禾
稱,｜:冂:爪:禾
穰,｜:亠:口:禾:衣
穽,｜:丿:二:儿:宀:穴:井
窶,｜:儿:口:女:宀:穴
竦,｜:口:木:立:丷
笨,｜:木:竹
笄,｜:丿:二:廾:竹
筰,｜:丿:竹:亻
筱,｜:攴:竹:亻
篝,｜:二:冂:竹
篳,｜:日:田:竹
簍,｜:口:女:竹
簣,｜:口:竹:貝
簫,｜:丿:彐:水:竹:聿:隶
籟,｜:八:口:木:竹:貝:頁
籥,｜:口:竹:龠:个:冊
糶,｜:山:彐:米:隹
絆,｜:二:十:糸:丷
絣,｜:丿:二:廾:糸:丷
綸,｜:糸:个:冊
綰,｜:口:宀:糸
緞,｜:殳:糸
縣,｜:小:目:糸
縋,｜:口:糸:辶
縷,｜:口:女:糸
繖,｜:二:攴:月:糸
繼,｜:匚:幺:糸
罘,｜:丶:丿:网
翩,｜:冫:戸:羽:冊
耘,｜:二:八:厶:日:木:耒
耙,｜:八:日:木:耒:巴
耜,｜:口:日:木:耒
耡,｜:八:力:日:木:目:耒
耨,｜:八:寸:日:木:耒:辰
聘,｜:勹:日:耳
胛,｜:日:月:田
胙,｜:丿:月
胄,｜:日:月:田
胚,｜:丶:丿:月
胖,｜:二:十:月:丷
脯,｜:丶:十:月:用
腆,｜:八:冂:日:月
胼,｜:丿:二:廾:月:丷
舳,｜:日:田:舟
艚,｜:日:舟
苡,｜:人:艹
苒,｜:冂:艹
茉,｜:亠:八:木:艹
茱,｜:丿:二:亠:八:木:牛:艹
菫,｜:二:口:土:艹
萋,｜:女:彐:艹
葭,｜:又:艹
葮,｜:殳:艹
蒹,｜:彐:丷:艹
蕀,｜:八:冂:木:艹
蕭,｜:丿:彐:米:聿:艹
薛,｜:十:口:立:辛:艹
藪,｜:口:女:攴:艹
藉,｜:二:八:日:木:耒:艹
藕,｜:八:日:木:田:禸:耒:艹
藾,｜:八:口:木:貝:頁:艹
乕,｜:丿:厂:巾
蚓,｜:弓:虫
蚌,｜:二:虫
蚰,｜:日:田:虫
蛬,｜:二:八:虫:艹
蛛,｜:丿:二:八:木:牛:虫
蝙,｜:戸:虫:冊
螻,｜:口:女:虫
蠹,｜:冖:口:石:虫
衄,｜:皿:血
袢,｜:二:十:丷:衤
裲,｜:入:冂:衤
褄,｜:女:彐:衤
褊,｜:戸:衤:冊
襄,｜:亠:八:衣
褸,｜:口:女:衤
覯,｜:冂:見
誅,｜:丿:二:八:木:牛:言
誄,｜:木:耒:言
諫,｜:八:口:木:网:言
諞,｜:戸:言:冊
謇,｜:八:宀:言
譁,｜:言:艹
譴,｜:口:言:辶
讓,｜:亠:口:衣:言
賽,｜:八:宀:貝
賺,｜:八:彐:貝
贐,｜:彐:皿:貝:灬
赧,｜:又:口:土:赤
赳,｜:土:走
跚,｜:冂:口:足:冊
踈,｜:八:口:木:足
踵,｜:丿:口:田:足:里
蹇,｜:八:口:宀:足
蹕,｜:口:田:足
躰,｜:木:身
軆,｜:口:日:豆:身:丷
輛,｜:入:冂:車
輌,｜:冂:凵:車
輾,｜:二:尸:衣:車
辣,｜:十:口:木:立:辛
迚,｜:口:辶
迪,｜:日:田:辶
邇,｜:八:冂:爻:辶
迸,｜:丿:二:廾:丷:辶
遐,｜:又:口:辶
遘,｜:冂:辶
鄲,｜:十:口:田:.阝
醋,｜:二:日:酉
醴,｜:口:日:豆:酉:丷
醺,｜:丿:酉:灬
釀,｜:亠:口:衣:酉
釉,｜:日:田:米:釆
釐,｜:二:八:厂:攴:木:里
鈕,｜:金
鉞,｜:戈:金
銖,｜:丿:二:八:木:牛:金:丷
錏,｜:二:金
鍜,｜:又:金
鎭,｜:八:匕:目:金:丷
鏤,｜:口:女:金
鑰,｜:冂:口:金:龠:个:冊
閘,｜:日:田:門
閧,｜:二:八:門
闌,｜:八:日:木:門
陲,｜:丿:阝.
霰,｜:二:攴:月:雨
靺,｜:亠:八:凵:口:木:革
鞣,｜:凵:口:木:矛:革:マ
顆,｜:日:木:田:貝:頁
餠,｜:干:食
饉,｜:二:食:艹
饋,｜:口:貝:食
饌,｜:二:八:己:食
駲,｜:丶:丿:巛:馬
騁,｜:勹:日:田:馬
駢,｜:丿:二:廾:馬:丷
騙,｜:冂:戸:馬:冊
騫,｜:八:宀:馬
驥,｜:二:八:匕:爿:田:馬
驤,｜:二:亠:八:衣:馬
髏,｜:冂:冖:口:女:月:骨
體,｜:冂:冖:口:日:月:豆:骨:丷
髯,｜:冂:厶:彡:長:髟
髴,｜:丿:弓:彡:長:髟
髷,｜:厶:彡:日:長:髟
鬨,｜:亅:二:八:鬥
魎,｜:儿:入:冂:厶:田:鬼
鮓,｜:丿:田:魚:灬
鰕,｜:又:口:田:魚:灬
鰊,｜:口:木:田:网:魚:丷:灬
鰥,｜:冫:田:网:魚:灬
鰤,｜:冂:口:巾:田:魚:灬
鰰,｜:田:魚:灬:礻
鱧,｜:日:田:豆:魚:灬
鵲,｜:日:鳥
鶇,｜:八:日:木:田:鳥:灬
鶫,｜:口:木:网:鳥:丷:灬
黜,｜:山:里:黒:灬
鼬,｜:日:田:臼:鼠
槇,｜:木:目:貝
浦,丶:十:用:氵
永,丶:水
泳,丶:水:氵
詠,丶:水:言
往,丶:彳:玉
欧,丶:丿:匚:欠
殴,丶:丿:匚:殳
鴎,丶:丿:匚:鳥:灬
蒲,丶:十:用:氵:艹
釜,丶:丿:干:父:玉:金:丷
鎌,丶:丿:八:彐:玉:金:丷
寒,丶:八:宀:井
丸,丶:九
機,丶:丿:幺:戈:木
気,丶:丿:气
稀,丶:丿:巾:禾
偽,丶:亻:灬
及,丶:乃
救,丶:攴:水
求,丶:水
球,丶:水:玉
兇,丶:丿:儿:凵
凶,丶:丿:凵
恐,丶:几:工:心
挟,丶:二:亠:人:大:丷:扌
狭,丶:二:亠:人:大:丷:犭
胸,丶:丿:凵:勹:月
玉,丶
禽,丶:丿:亠:冂:凵:厶:禸:个
区,丶:丿:匚
躯,丶:丿:匚:身
駆,丶:丿:匚:馬
犬,丶:大
国,丶:囗:玉
叉,丶:又
肴,丶:丿:月
殺,丶:丿:木:殳
桟,丶:丿:木:毛
残,丶:丿:歹:毛
似,丶:人:亻
執,丶:丿:亠:十:土:立:辛:九
勺,丶:勹
尺,丶:尸
杓,丶:勹:木
灼,丶:勹:火
酌,丶:勹:酉
釈,丶:尸:米:釆
主,丶:玉
就,丶:亠:口:小:尢:尤
蹴,丶:丿:乙:亠:口:小:尢:足:尤
住,丶:玉:亻
塾,丶:亠:口:土:子:九
熟,丶:亠:口:子:九:灬
術,丶:十:彳:木:行
述,丶:十:木:辶
丈,丶:丿
刃,丶:刀
尽,丶:尸
靭,丶:刀:革
勢,丶:儿:力:土:九
斥,丶:斤
浅,丶:丿:毛:氵
賎,丶:丿:毛:貝
践,丶:丿:口:毛:足
銭,丶:丿:毛:金
訴,丶:斤:言
双,丶:又
太,丶:大
汰,丶:大:氵
駄,丶:大:馬
丹,丶:丿:亅
築,丶:几:工:木:竹
筑,丶:几:工:竹
昼,丶:尸:日
柱,丶:木:玉
注,丶:玉:氵
註,丶:玉:言
駐,丶:玉:馬
掴,丶:囗:玉:扌
釣,丶:勹:金
的,丶:勹:白
冬,丶:夂:攴
忍,丶:刀:心
認,丶:刀:心:言
葱,丶:心:艹:勿
熱,丶:儿:土:九:灬
之,丶:乙:亠:廴
博,丶:十:寸:田
薄,丶:十:寸:田:氵:艹
縛,丶:十:寸:田:糸
帆,丶:几:巾
汎,丶:几:氵
泌,丶:丿:心:氵
秘,丶:丿:心:禾
柊,丶:夂:木
氷,丶:水
豹,丶:勹:豸
敷,丶:十:攴:方:田
舗,丶:十:口:土:用:个
鋪,丶:十:用:金
圃,丶:十:囗:用
捕,丶:十:用:扌
甫,丶:十:用
補,丶:十:用:衤
輔,丶:十:用:車
簿,丶:十:寸:田:竹:氵
宝,丶:宀:玉
乏,丶:丿:乙:亠
凡,丶:几
密,丶:丿:宀:山:心
蜜,丶:丿:宀:心:虫
尤,丶:尢
籾,丶:刀:米
匁,丶:丿:勹
約,丶:勹:糸
訳,丶:尸:言
猷,丶:丿:犬:酉
卵,丶:丿:卜
吏,丶:丿:口
梁,丶:刀:木:氵
鷲,丶:亠:口:小:尢:鳥:灬:尤
亙,丶:丿:二
仞,丶:刀:亻
仭,丶:刀:亻
偬,丶:心:亻:勿
傅,丶:寸:田:亻
兔,丶:儿:免
冤,丶:儿:冖:免
劔,丶:人:刀:口:个
劒,丶:人:刀:口:个
剱,丶:人:刀:口:个
匆,丶:勹:勿
匍,丶:勹:十:用
厖,丶:厂:尢:彡:尤
咏,丶:丿:口:水
哺,丶:十:口:用
囈,丶:二:儿:厶:口:土:九:艹
埔,丶:十:土:用
妁,丶:勹:女
孰,丶:亠:口:子:九
孵,丶:卩:子:爪
寃,丶:儿:宀:免
尨,丶:尢:彡:尤
巉,丶:儿:勹:口:山:比
怱,丶:丿:勹:心:勿
怺,丶:水:忄
愡,丶:丿:心:忄:勿
愽,丶:十:寸:田:忄
戍,丶:丿:戈
扠,丶:又:扌
扨,丶:刀:扌
拔,丶:丿:扌
拆,丶:斤:扌
掖,丶:亠:夂:夕:亻:扌
搏,丶:十:寸:田:扌
摯,丶:丿:十:手:立:辛:九
昶,丶:日:水
柝,丶:斤:木
梵,丶:几:木
榑,丶:十:寸:木:田
樒,丶:丿:宀:山:心:木
櫁,丶:丿:宀:心:木:虫
樣,丶:木:水:玉:羊:丷
毬,丶:亠:毛:水
泝,丶:斤:氵
溥,丶:十:寸:田:氵
漾,丶:水:玉:羊:丷:氵
澀,丶:刀:止:氵
瀛,丶:几:口:女:月:氵:亡
炙,丶:夕:火
犹,丶:尢:犭:尤
瑟,丶:丿:心:玉
疣,丶:尢:疒:尤
疼,丶:冫:夂:疒
祕,丶:丿:心:礻
祓,丶:丿:礻
秡,丶:丿:禾
笂,丶:竹:九
筺,丶:匚:玉:竹
簗,丶:刀:木:竹:氵
綛,丶:刀:心:糸
网,丶:丿:冂
羸,丶:几:口:月:玉:羊:丷:亡
肬,丶:尢:月:尤
脉,丶:月:水
膊,丶:十:寸:日:月:田
舖,丶:十:口:用:舌:个
芍,丶:勹:艹
苳,丶:夂:艹
荵,丶:刀:心:艹
葯,丶:勹:糸:艹
葢,丶:大:皿:艹
藝,丶:二:儿:厶:土:九:艹
蛩,丶:几:工:虫
螽,丶:夂:虫
蟄,丶:亠:十:立:虫:辛:九
衂,丶:刀:皿:血
裘,丶:亠:水:衣
褻,丶:亠:土:衣:九
謐,丶:丿:心:皿:言
譏,丶:幺:戈:言
賻,丶:十:寸:田:貝
贄,丶:亠:十:立:貝:辛:九
跋,丶:丿:口:攴:足
跫,丶:几:口:工:足
逑,丶:亠:水:辶
逋,丶:十:用:辶
釼,丶:刀:金
釵,丶:又:金
靫,丶:又:革
鞏,丶:几:工:革
餔,丶:十:用:食
饑,丶:幺:戈:食
騷,丶:又:虫:馬
魃,丶:儿:匕:攴:田:鬼
鯆,丶:十:用:田:魚:灬
鷙,丶:亠:十:立:辛:鳥:九:灬
麈,丶:广:比:玉:鹿
黻,丶:八:冂:攴:黹:丷
黼,丶:八:冂:十:用:黹:丷
遙,丶:夕:缶:辶
瑤,丶:夕:玉:缶
葵,丿:二:人:大:癶:艹
夷,丿:大:弓
威,丿:厂:女:戈
為,丿:灬
郁,丿:月:.阝
磯,丿:口:幺:戈:石
逸,丿:儿:勹:辶:免
淫,丿:士:爪:玉:氵
隠,丿:彐:心:尚:阝.
右,丿:口
映,丿:大:日
洩,丿:乙:日:氵
瑛,丿:大:玉:艹
盈,丿:又:皿
英,丿:大:艹
援,丿:又:爪:扌
央,丿:冖:大
卸,丿:卩:止
禾,丿:木
括,丿:十:口:舌:扌
活,丿:十:口:舌:氵
勧,丿:力:矢:隹
感,丿:口:心:戈
憾,丿:口:心:戈:忄
看,丿:二:手:目
希,丿:巾
幾,丿:幺:戈
杵,丿:十:干:木
久,丿:入
吸,丿:口:及
汲,丿:氵:及
笈,丿:竹:及
級,丿:糸:及
許,丿:十:干:言
僑,丿:冂:口:大:亻
喬,丿:冂:口:大
橋,丿:冂:口:木
矯,丿:冂:口:大:矢
蕎,丿:冂:口:大:艹
君,丿:口:日
係,丿:糸:亻
刑,丿:廾:刂
型,丿:土:廾:刂
形,丿:廾:彡
携,丿:隹:乃:扌
系,丿:糸
荊,丿:廾:刂:艹
懸,丿:小:心:目:糸
乎,丿:亅:丷
呼,丿:亅:口:丷
午,丿:十:干
御,丿:卩:彳:止
乞,丿:乙
后,丿:亅:厂:口:斤
垢,丿:亅:厂:口:土:斤
宏,丿:厶:宀
更,丿:日
梗,丿:日:木
浩,丿:口:土:氵
硬,丿:口:日:石
紘,丿:厶:糸
肱,丿:厶:月
告,丿:口:土
酷,丿:口:土:酉
鵠,丿:口:土:鳥:灬
佐,丿:工:亻
嵯,丿:山:工:玉:羊:丷
左,丿:工
差,丿:工:玉:羊:丷
沙,丿:小:氵
瑳,丿:工:玉:羊:丷
砂,丿:口:小:石
裟,丿:小:衣:氵
才,丿:亅
歳,丿:小:戈:止
砕,丿:十:口:石:九
際,丿:癶:示:阝.
材,丿:亅:木
財,丿:亅:貝
察,丿:宀:癶:示
擦,丿:宀:癶:示:扌
薩,丿:亠:厂:生:立:丷:艹:阝.
産,丿:亠:厂:生:立:丷
使,丿:口:亻
史,丿:口
施,丿:方:也
七,丿:乙:匕
失,丿:二:人:大
悉,丿:心:米:釆
紗,丿:小:糸
若,丿:口:艹
惹,丿:口:心:艹
寿,丿:二:寸
春,丿:二:日
傷,丿:日:亻:勿
升,丿:十:廾
少,丿:小
承,丿:亅:二:手:マ
抄,丿:小:扌
昇,丿:十:廾:日
渉,丿:小:止:氵
省,丿:小:目
称,丿:小:禾
丞,丿:亅:マ
城,丿:土:戈
杖,丿:木
蒸,丿:亅:マ:艹:灬
飾,丿:巾:食
榛,丿:二:人:木:禾
秦,丿:二:禾
壬,丿:士
訊,丿:几:言
随,丿:月:辶:阝.
髄,丿:冖:月:骨:辶
雀,丿:小:隹
制,丿:二:巾:牛:刂
成,丿:戈
盛,丿:戈:皿
誠,丿:戈:言
戚,丿:卜:小:戈
先,丿:儿:土
千,丿:十
栴,丿:冂:木
洗,丿:儿:土:氵
銑,丿:儿:土:金
倉,丿:口:个
蒼,丿:口:个:艹
鎗,丿:口:金:个
臓,丿:戈:月:臣:艹
蔵,丿:戈:臣:艹
造,丿:口:土:辶
属,丿:尸:禸
孫,丿:子:糸
遜,丿:子:糸:辶
堕,丿:土:月:阝.
惰,丿:工:月:忄
楕,丿:工:月:木
宅,丿:乙:宀
托,丿:乙:扌
託,丿:乙:言
諾,丿:口:言:艹
嘆,丿:口:艹
誕,丿:廴:止:言
暖,丿:又:日:爪
秩,丿:人:土:大:禾
着,丿:玉:目:羊:丷
鋳,丿:亠:土:寸:金
捗,丿:小:止:扌
椿,丿:二:日:木
鉄,丿:二:大:矢:金
添,丿:大:心:氵
梼,丿:亠:土:寸:木
涛,丿:亠:土:寸:氵
祷,丿:亠:土:寸:礻
透,丿:禾:乃:辶
匿,丿:匚:口:艹
屯,丿:乙:凵
呑,丿:口:大
迩,丿:小:辶
任,丿:士:玉:亻
妊,丿:士:女:玉
祢,丿:小:礻
年,丿:干
盃,丿:皿
否,丿:口
弼,丿:弓:白
必,丿:心
媛,丿:又:女:爪
秒,丿:小:禾
瀕,丿:小:止:貝:頁:氵
賓,丿:宀:小:貝
頻,丿:小:止:貝:頁
布,丿:巾
怖,丿:巾:忄
楓,丿:冂:木:虫:風
風,丿:冂:虫
閉,丿:亅:門
蔑,丿:戈:网:艹
鞭,丿:日:田:革:亻
歩,丿:小:止
戊,丿:戈
邦,丿:二:.阝
奔,丿:十:大:廾
枕,丿:乙:冖:尢:木
鮪,丿:月:田:魚:灬
亦,丿:亅:亠:八
湊,丿:二:大:氵
妙,丿:女:小
滅,丿:戈:火:氵
茂,丿:戈:艹
勿,丿:勹
弥,丿:亅:小:弓
矢,丿:大
佑,丿:口:亻
友,丿:又
宥,丿:宀:月
有,丿:月
祐,丿:口:礻
雄,丿:厶:隹
妖,丿:大:女
沃,丿:大:氵
濫,丿:二:皿:臣:氵
藍,丿:二:皿:臣:艹
覧,丿:二:臣:見
旅,丿:方
臨,丿:口:臣:品
劣,丿:力:小
賄,丿:月:貝
詫,丿:乙:宀:言
乂,丿
乖,丿:匕:十:爿
乘,丿:八:匕:十:爿
亳,丿:乙:亠:冖:口
仍,丿:亻:乃
仗,丿:亻
仟,丿:十:亻
佚,丿:二:人:大:亻
侏,丿:八:木:牛:亻
侘,丿:乙:宀:亻
侑,丿:月:亻
决,丿:人:冫:大:ユ
凭,丿:几:士:亻
刋,丿:十:刂
辨,丿:十:立:辛
咸,丿:口:戈
咤,丿:乙:口:宀
唏,丿:口:巾
哽,丿:口:田
喊,丿:口:戈
嗟,丿:口:工:玉:羊:丷
囿,丿:囗:月
埀,丿:匕:土:爿
埓,丿:土:寸
夭,丿:大
奧,丿:冂:大:米
姙,丿:士:女:亻
娑,丿:女:小:氵
婬,丿:士:女:爪
嬌,丿:冂:口:大:女
嬪,丿:女:宀:小:貝
尓,丿:小
尠,丿:儿:匚:小:甘
尹,丿:彐
屹,丿:乙:山
峺,丿:山:田
帙,丿:二:人:大:巾
并,丿:二:干:丷
忤,丿:十:干:忄
忝,丿:大:心
恠,丿:土:忄
恁,丿:士:心:亻
慯,丿:勹:日:忄
慝,丿:匚:厂:口:心:艹
戌,丿:戈
拜,丿:干:扌
抛,丿:力:九:扌
拵,丿:子:扌
插,丿:十:臼:扌
撼,丿:口:心:戈:扌
擯,丿:宀:小:貝:扌
斫,丿:口:斤:石
昜,丿:日:勿
晞,丿:巾:日
晧,丿:口:土:日
晟,丿:戈:日
暘,丿:勹:日:勿
朶,丿:木:乃
杤,丿:木
杪,丿:小:木
枡,丿:十:廾:木
栫,丿:子:木
梏,丿:口:土:木
楹,丿:又:木:皿:乃
槎,丿:工:木:玉:羊:丷
橢,丿:工:月:木:阝.
檳,丿:宀:小:木:貝
欷,丿:巾:欠
歃,丿:十:欠:臼
殀,丿:大:歹
殤,丿:日:歹:勿
殯,丿:宀:小:歹:貝
毟,丿:小:毛
泛,丿:乙:亠:氵
浤,丿:厶:宀:氵
涎,丿:廴:止:氵
淆,丿:月:氵
湲,丿:二:又:爪:氵
渺,丿:小:目:氵
濱,丿:宀:小:貝:氵
炒,丿:小:火
熈,丿:卩:己:臣:灬
煖,丿:又:火:爪
煬,丿:日:火:勿
爰,丿:又:爪
犂,丿:牛:禾:勿
犲,丿:亅:犭
瓩,丿:十:瓦
畴,丿:二:寸:田
疚,丿:入:疒:久
瘍,丿:勹:日:疒
皓,丿:口:土:白
盪,丿:勹:日:皿:氵
蘯,丿:勹:日:皿:氵:艹
眇,丿:小:目
禹,丿:冂:禸:虫
穢,丿:小:戈:止:禾
窘,丿:儿:口:宀:彐:穴
窖,丿:儿:口:土:宀:穴
竏,丿:十:立
笏,丿:勹:竹:勿
笋,丿:彐:竹
筵,丿:廴:止:竹
筬,丿:戈:竹
箴,丿:口:戈:竹
粳,丿:日:米
絨,丿:戈:糸
絏,丿:日:糸
緜,丿:巾:白:糸
緘,丿:口:戈:糸
緲,丿:小:目:糸
縅,丿:女:戈:糸
繽,丿:宀:小:糸:貝
缺,丿:二:人:凵:大:缶
羞,丿:彐:玉:羊:丷
羣,丿:口:彐:玉:羊:丷
隋,丿:工:月:阝.
膓,丿:日:月:勿
膸,丿:工:月:辶
臟,丿:戈:月:臣:艹
臧,丿:冫:戈:疒:臣
臻,丿:二:厶:土:大:禾:至
舂,丿:二:大:臼
艾,丿:艹
茆,丿:卩:艹
荐,丿:子:艹
莚,丿:廴:止:艹
莎,丿:小:氵:艹
莠,丿:禾:艹
藏,丿:戈:爿:臣:艹
蘋,丿:小:止:貝:頁:艹
虱,丿:乙:虫
蜒,丿:廴:止:虫
蜑,丿:廴:止:虫
蜴,丿:日:虫:勿
蝨,丿:乙:虫
蝪,丿:日:虫:勿
袮,丿:小:衤
裙,丿:口:尸:彐:衤
裼,丿:日:勿:衤
襪,丿:戈:网:艹:衤
觴,丿:日:角:勿
誥,丿:口:土:言
譌,丿:爪:言:灬
讚,丿:儿:土:言:貝
豺,丿:亅:豸
貶,丿:乙:亠:貝
贊,丿:儿:土:貝
贓,丿:冫:戈:疒:臣:貝
跌,丿:二:人:口:土:大:足
跣,丿:儿:口:土:足
蹙,丿:卜:口:小:戈:足
躱,丿:木:身:乃
軼,丿:二:人:土:大:車
輳,丿:二:人:大:車
轎,丿:冂:口:大:車
轗,丿:口:心:戈:車
隨,丿:工:月:阝.
醢,丿:口:皿:酉
鈔,丿:小:金
鉚,丿:卩:金
銹,丿:禾:金:乃
鍼,丿:口:戈:金
鑽,丿:儿:土:貝:金
阡,丿:十:阝.
陏,丿:月:阝.
陞,丿:土:廾:阝.
陟,丿:小:止:阝.
陦,丿:二:土:寸:阝.
隲,丿:小:馬:阝.
靜,丿:亅:二:亠:土:彐:月:爪:青:尚
靠,丿:口:土:非
韈,丿:戈:网:革:艹
顰,丿:十:小:止:田:貝:頁
飫,丿:大:食
駛,丿:口:馬
驕,丿:冂:口:大:馬
髓,丿:冂:冖:工:月:骨:辶
鬢,丿:宀:小:彡:貝:長:髟
鯀,丿:田:糸:魚:灬
鯊,丿:小:田:魚:氵:灬
鯑,丿:巾:田:魚:灬
鯣,丿:勹:日:田:魚:灬
鰔,丿:口:戈:田:魚:灬
鰄,丿:女:戈:田:魚:灬
鹹,丿:卜:口:囗:戈:鹵
齲,丿:冂:凵:止:禸:米:虫:齒
曳,乙:日
奄,乙:大:日
掩,乙:大:日:扌:奄
俺,乙:大:亻:奄
乾,乙:十:日
亀,乙:勹:田:龜
吃,乙:口
孔,乙:子
札,乙:木
電,乙:田:雨
縄,乙:田:糸:龜
乳,乙:子:爪
巴,乙:己
蝿,乙:田:虫:龜
氾,乙:卩:氵
犯,乙:卩:犭
範,乙:卩:竹:車
迄,乙:辶
乱,乙:口:舌
竜,乙:田:立
礼,乙:礻
亂,乙:冂:厶:爪
吼,乙:口:子
乢,乙:山
扎,乙:扌
梍,乙:匕:木:白
淹,乙:大:日:氵:奄
煢,乙:冖:十:火
獵,乙:口:巛:臼:鼠:犭
糺,乙:糸
紮,乙:木:糸
罨,乙:大:日:网:奄
菴,乙:大:日:艹:奄
訖,乙:言
軋,乙:車
輒,乙:耳:車
閹,乙:大:日:門:奄
阿,亅:口:阝.
椅,亅:口:大:木
宇,亅:宀:干
迂,亅:二:干:辶
何,亅:口:亻
可,亅:口
歌,亅:口:欠
河,亅:口:氵
珂,亅:口:玉
苛,亅:口:艹
荷,亅:口:亻:艹
俄,亅:戈:手:亻
峨,亅:山:戈:手
我,亅:戈:手
蛾,亅:戈:手:虫
餓,亅:戈:手:食
廓,亅:亠:口:子:广:.阝
郭,亅:亠:口:子:.阝
奇,亅:口:大
寄,亅:口:大:宀
騎,亅:口:大:馬
儀,亅:戈:手:玉:羊:亻:丷
犠,亅:戈:手:牛:玉:羊:丷
義,亅:戈:手:玉:羊:丷
蟻,亅:戈:手:玉:羊:虫:丷
議,亅:戈:手:玉:羊:言:丷
減,亅:口:戈:氵
諺,亅:亠:彡:立:言:丷
伺,亅:口:亻
司,亅:口
詞,亅:口:言
飼,亅:口:艮:食:个
事,亅:口:彐
序,亅:子:广
浄,亅:勹:彐:氵
笥,亅:口:竹
静,亅:亠:勹:土:彐:月:青
争,亅:勹:彐
打,亅:扌
苧,亅:宀:艹
貯,亅:宀:貝
丁,亅
庁,亅:广
町,亅:田
頂,亅:貝:頁
亭,亅:亠:冖:口
停,亅:亠:冖:口:亻
汀,亅:氵
訂,亅:言
釘,亅:金
塗,亅:八:土:木:个:氵
途,亅:八:木:个:辶
灯,亅:火
瀞,亅:亠:土:彐:月:青:氵
寧,亅:宀:心:网
覗,亅:口:見
烹,亅:亠:口:灬
野,亅:矛:里
予,亅:マ
余,亅:二:八:示:个
預,亅:欠:貝:頁:マ
了,亅
亊,亅:彐:丷
舒,亅:口:干:矛:舌:个:マ
于,亅:二
佇,亅:宀:亻
倚,亅:口:大:亻
剞,亅:口:大:刂
叮,亅:口
吁,亅:二:口
呵,亅:口
哥,亅:口
哦,亅:口:戈
竒,亅:亠:口:立:丷
娥,亅:女:戈
婀,亅:口:女:阝.
寐,亅:二:八:宀:爿
峩,亅:山:戈
嵜,亅:亠:口:大:山:立:丷
崢,亅:尸:山:彐:爪
嶬,亅:山:戈:玉:羊:丷
彁,亅:口:弓
抒,亅:矛:マ:扌
掎,亅:口:大:扌
曦,亅:戈:日:玉:羊:丷
杼,亅:木:矛
柯,亅:口:木
檸,亅:宀:心:木:网
欹,亅:口:大:欠
淨,亅:彐:爪:氵
渮,亅:口:氵:艹
渟,亅:亠:冖:口:氵
濘,亅:宀:心:网:氵
烝,亅:水:灬
爭,亅:彐:爪
猗,亅:口:大:犭
獰,亅:宀:心:网:犭
甼,亅:田
畸,亅:口:大:田
疔,亅:疒
痾,亅:口:疒:阝.
盂,亅:二:皿
眄,亅:山:目
礒,亅:口:戈:玉:石:羊:丷
祠,亅:口:礻
竚,亅:宀:立
箏,亅:彐:爪:竹
筝,亅:勹:彐:竹
紆,亅:二:糸
紵,亅:宀:糸
綺,亅:口:大:糸
罅,亅:二:凵:匕:卜:厂:缶:虍:丷
羇,亅:凵:口:大:网:革
聹,亅:宀:心:网:耳
舸,亅:口:舟
艤,亅:戈:玉:羊:舟:丷
莪,亅:戈:艹
荼,亅:二:八:小:个:艹
蕷,亅:矛:貝:頁:艹
蜍,亅:二:小:虫:个
訶,亅:口:言
諍,亅:彐:爪:言
謌,亅:口:言
軻,亅:口:車
迹,亅:亠:八:赤:辶
酊,亅:酉
錚,亅:彐:爪:金
隸,亅:彐:木:水:示:隶
雋,亅:冂:凵:隹
餘,亅:二:八:干:食:个
鵝,亅:戈:鳥:灬
鵞,亅:戈:鳥:灬
蔭,二:厶:个:艹:阝.
院,二:儿:宀:阝.:元
陰,二:厶:个:阝.
云,二:厶
雲,二:厶:雨
会,二:厶:个
快,二:人:大:忄
絵,二:厶:糸:个
顎,二:勹:口:貝:頁
巻,二:大:己:丷
完,二:儿:宀:元
監,二:皿:臣
艦,二:皿:臣:舟
莞,二:儿:宀:艹:元
鑑,二:皿:臣:金
関,二:人:八:大:門:丷
玩,二:儿:玉:元
頑,二:儿:貝:頁:元
侠,二:亠:人:大:亻:丷
峡,二:亠:人:大:山:丷
均,二:冫:勹:土
芸,二:厶:艹
決,二:人:大:氵
訣,二:人:大:言
券,二:人:刀:大:大:丷
圏,二:人:囗:大:大:己:丷
元,二:儿
袴,二:勹:大:衤
誇,二:勹:大:言
跨,二:勹:口:大:足
五,二
魂,二:儿:匕:厶:田:鬼
些,二:匕:止
咲,二:人:口:大:丷
皐,二:十:白
鯖,二:亠:土:月:田:青:魚:灬
錆,二:亠:土:月:金:青
三,二
讃,二:亠:人:大:言:貝
賛,二:亠:人:大:貝
竺,二:竹
勝,二:人:力:大:月:丷
情,二:亠:土:月:青:忄
仁,二:亻
晴,二:亠:土:日:月:青
清,二:亠:土:月:青:氵
精,二:亠:土:月:米:青
請,二:亠:土:月:言:青
青,二:亠:土:月
脊,二:月:癶:个
替,二:亠:人:大:日
樗,二:勹:木:雨
鍔,二:勹:口:金
転,二:厶:車
伝,二:厶:亻
曇,二:厶:日:雨
那,二:刀:.阝
弐,二:弋
溌,二:儿:癶:氵
発,二:儿:癶
醗,二:儿:癶:酉
桧,二:厶:木:个
夫,二:人:大
扶,二:人:大:扌
芙,二:人:大:艹
頬,二:人:貝:頁:丷
俣,二:口:大:亻
靖,二:亠:土:月:立:青
伶,二:士:小:彐:水
隷,二:士:小:彐:水:隶
亘,二:日
鰐,二:勹:口:田:魚:灬
弍,二:弋
亞,二
亟,二:又:口
倩,二:亠:土:月:青:亻
僵,二:田:亻
儖,二:皿:臣:亻
冀,二:八:匕:爿:田
冑,二:冂:月:田
冕,二:儿:冂:月:免
冦,二:儿:冖:卜:又
冱,二:冫
刳,二:勹:大:刂
劵,二:人:八:力:大
匏,二:勹:大:己
卷,二:人:八:卩:大
咢,二:勹:口
圈,二:人:卩:囗:大:丷
堊,二:土
壜,二:厶:土:日:雨
壼,二:冖:士
夬,二:人:大:ユ
夸,二:勹:大
佞,二:女:亻
娜,二:刀:女:.阝
寇,二:儿:卜:又:宀:元
彗,二:亠:土:彐
惡,二:心
惓,二:大:己:丷:忄
愕,二:勹:口:忄
惷,二:大:心:日
愃,二:宀:日:忄
抉,二:人:大:ユ:扌
揆,二:人:大:癶:扌
撥,二:儿:癶:扌
攘,二:亠:八:衣:扌
攤,二:隹:扌:艹
晉,二:厶:日
暄,二:宀:日
桍,二:勹:大:木
梛,二:刀:木:.阝
椏,二:木
椦,二:力:大:木:丷
槿,二:土:木:艹
樸,二:木:羊:丷
檻,二:木:皿:臣
欖,二:木:臣:見
浣,二:儿:宀:氵
渕,二:人:大:丷:刂:氵
滕,二:人:大:月:水:丷
猜,二:亠:土:月:青:犭
畉,二:人:大:田
癈,二:儿:疒:癶
癪,二:亠:土:疒:禾:貝
癸,二:大:癶
皖,二:儿:宀:白:元
眷,二:人:大:目:丷
睛,二:亠:土:月:目:青
瞎,二:亠:口:土:宀:目
碾,二:口:尸:石:衣
磧,二:亠:口:土:石:貝
簀,二:亠:土:竹:貝
籃,二:皿:竹:臣
籐,二:人:大:月:水:竹:丷
籘,二:人:大:月:竹:糸:丷
紜,二:厶:糸
絳,二:夂:糸
綣,二:人:大:己:糸:丷
縉,二:厶:日:糸
縢,二:人:大:月:糸:丷
繧,二:厶:糸:雨
繿,二:皿:糸:臣
纉,二:亠:人:大:糸:貝
纛,二:亠:土:小:毋:目:糸
纜,二:糸:臣:見
罎,二:凵:厶:日:缶:雨
冐,二:冂:月
胯,二:勹:大:月
膩,二:弋:月:貝
艱,二:人:大:艮:艹
芫,二:儿:艹:元
菁,二:亠:土:月:青:艹
萼,二:勹:口:艹
蕚,二:勹:口:艹:品
蒄,二:儿:冖:寸:艹:元
蓁,二:大:禾:艹
薑,二:田:艹
虧,二:勹:匕:卜:厂:虍:隹
蜷,二:人:大:己:虫:丷
蜻,二:亠:土:月:虫:青
蠢,二:大:日:虫
袂,二:人:大:衤
襤,二:皿:臣:衤
諤,二:勹:口:言
諠,二:宀:日:言
譛,二:人:大:日:言
豢,二:人:大:豕:丷
貳,二:弋:貝
趺,二:人:口:大:足
輦,二:人:大:車:亻
鄂,二:口:.阝
鎹,二:人:八:大:金:辶
鐚,二:心:金
鑒,二:网:臣:金
鑚,二:人:儿:大:貝:金
阮,二:儿:阝.:元
靆,二:厶:彐:水:隶:雨:辶
靉,二:冖:厶:夂:心:爪:雨
鰆,二:人:大:日:田:魚:灬
鴃,二:人:大:鳥:灬
鶚,二:勹:口:鳥:灬
麩,二:人:夂:麥
麸,二:亠:人:土:夂:大:麥
齶,二:凵:勹:口:止:米:齒
哀,亠:口:衣
虻,亠:虫:亡
依,亠:衣:亻
衣,亠
亥,亠:人
育,亠:厶:月
影,亠:口:小:彡:日
液,亠:夕:攴:亻:氵
円,亠:冂
劾,亠:人:力
咳,亠:人:口
害,亠:口:土:宀
該,亠:人:言
骸,亠:人:冂:冖:月:骨
核,亠:人:木
較,亠:父:車
割,亠:口:土:宀:刂
轄,亠:口:土:宀:車
顔,亠:八:厂:彡:立:貝:頁
棄,亠:凵:厶:木
毅,亠:几:殳:立:豕
喫,亠:刀:口:土:大
亨,亠:口
享,亠:口:子
京,亠:口:小
契,亠:刀:土:大
景,亠:口:小:日
鯨,亠:口:小:田:魚:灬
潔,亠:刀:土:糸:氵
憲,亠:土:宀:心:网
牽,亠:冖:厶:牛
弦,亠:幺:弓:玄
玄,亠:幺
絃,亠:幺:玄:糸
舷,亠:幺:玄:舟
檎,亠:冂:厶:木:禸:个
交,亠:父
佼,亠:父:亻
倖,亠:十:立:辛:亻
効,亠:力:父
坑,亠:几:土
幸,亠:十:立:辛
慌,亠:巛:忄:艹
抗,亠:几:扌
杭,亠:几:木
校,亠:木:父
稿,亠:冂:口:禾:高
絞,亠:父:糸
膏,亠:冖:口:月:高
航,亠:几:舟
郊,亠:父:.阝
高,亠:冂:口
壕,亠:冖:口:土:豕
濠,亠:冖:口:豕:氵
豪,亠:冖:口:豕
麹,亠:勹:土:夂:米:麥
刻,亠:刂
債,亠:土:貝:亻
裁,亠:厶:土:戈:衣
鮫,亠:父:田:魚:灬
姉,亠:女:巾
市,亠:巾
宍,亠:八:宀
芝,亠:艹
縞,亠:冂:口:糸:高
充,亠:儿:厶
銃,亠:儿:厶:金
淳,亠:口:子:氵
醇,亠:口:子:酉
商,亠:儿:冂:口:立:丷
壌,亠:八:土:衣
嬢,亠:八:女:衣
穣,亠:八:禾:衣
譲,亠:八:衣:言
醸,亠:八:衣:酉
新,亠:十:斤:木:立:辛:丷
薪,亠:十:斤:木:立:辛:丷:艹
親,亠:十:木:立:見:辛:丷
翠,亠:人:冫:十:羽
衰,亠:衣
嵩,亠:冂:口:山:高
畝,亠:田:久
積,亠:土:禾:貝
績,亠:土:糸:貝
責,亠:土:貝
跡,亠:口:止:赤:足
蹟,亠:口:土:貝:足
疏,亠:厶:巛:止:疋:マ
素,亠:土:糸
爽,亠:人
卒,亠:人:十
鐸,亠:十:立:网:辛:金
壇,亠:口:囗:土:日
檀,亠:口:日:木
畜,亠:幺:玄:田
蓄,亠:幺:玄:田:艹
嫡,亠:冂:十:口:女:立:丷:啇
漬,亠:土:貝:氵
帝,亠:冖:巾:立:丷
締,亠:冖:巾:立:糸:丷
諦,亠:冖:巾:立:言:丷
蹄,亠:冖:口:巾:立:足:丷
摘,亠:冂:十:口:立:丷:扌:啇
敵,亠:冂:十:口:攴:立:丷:啇
滴,亠:冂:十:口:立:丷:氵:啇
適,亠:冂:十:口:立:丷:辶:啇
鏑,亠:冂:十:口:立:金:丷:啇
徹,亠:厶:彳:攴:月
撤,亠:厶:攴:月:扌
轍,亠:厶:攴:月:車
統,亠:儿:厶:糸
毒,亠:土:毋
惇,亠:口:子:忄
敦,亠:口:子:攴
灘,亠:口:大:隹:氵:艹
難,亠:口:大:隹:艹
肺,亠:巾:月
抜,亠:又:夂:扌
噺,亠:十:口:斤:木:立:辛:丷
塙,亠:冂:口:土:高
蛮,亠:虫
彦,亠:厂:彡:立:丷
変,亠:夂
報,亠:十:卩:又:土:立:辛
褒,亠:口:小:衣:亻
亡,亠
傍,亠:冖:方:立:亻:丷
忘,亠:心:亡
忙,亠:忄:亡
蓑,亠:衣:艹
椋,亠:口:小:木
冥,亠:八:冖:日
妄,亠:女:亡
盲,亠:目:亡
夜,亠:夕:亻
擁,亠:隹:扌
璃,亠:凵:玉:禸
裏,亠:衣:里
離,亠:凵:禸:隹
率,亠:冫:十:幺:玄
掠,亠:口:小:扌
流,亠:厶:巛:氵
琉,亠:厶:巛:玉
硫,亠:厶:口:巛:石
亮,亠:儿:冖:口
涼,亠:口:小:氵
諒,亠:口:小:言
恋,亠:八:心
六,亠:八
藁,亠:冂:口:木:高:艹
湾,亠:弓:氵
亢,亠:几
亰,亠:小:日
亶,亠:口:囗:日
伉,亠:几:亻
倅,亠:人:十:亻
偐,亠:厂:彡:立:亻:丷
傚,亠:攴:父:亻
僭,亠:无:日:亻
儕,亠:刀:齊:亻
凉,亠:冫:口:小
凛,亠:冫:口:囗:示
劑,亠:齊:刂
勍,亠:力:口:小
勣,亠:力:土:貝
卞,亠:卜
吭,亠:几:口
呟,亠:口:幺:玄
咬,亠:口:父
啻,亠:冖:口:巾:立:丷
啼,亠:冖:口:巾:立:丷
喨,亠:儿:冖:口
嘖,亠:口:土:貝
嚆,亠:冂:口:高:艹
囃,亠:人:口:木:隹
囓,亠:凵:刀:口:土:止:米:齒
圉,亠:十:囗:土:干:立:辛
垓,亠:人:土
埣,亠:人:十:土
壞,亠:土:网:衣
壅,亠:土:隹
奕,亠:八:大:赤
孩,亠:子
幎,亠:八:冖:巾:日
廩,亠:口:囗:广:禾
弃,亠:厶:廾
弯,亠:八:弓:赤
悴,亠:人:十:忄
慱,亠:十:厶:寸:日:虫:忄
憬,亠:口:小:日:忄
懌,亠:十:土:立:网:辛:忄
懷,亠:网:衣:忄
懍,亠:口:囗:禾:忄
抃,亠:卜:扌
撩,亠:人:大:小:日:丷:扌
擒,亠:凵:禸:个:扌
擅,亠:口:囗:日:扌
擇,亠:十:土:立:网:辛:扌
撻,亠:十:土:玉:立:羊:辛:扌:辶
擠,亠:齊:扌
攅,亠:人:土:大:貝:扌
效,亠:攴:父
敲,亠:冂:口:攴:高
旁,亠:冖:方:立:丷
旒,亠:厶:巛:方
暝,亠:八:冖:日
暾,亠:口:子:攴:日
暸,亠:大:小:日:丷
柬,亠:巾:木:丷
梳,亠:厶:巛:木
椁,亠:口:子:木
楔,亠:刀:土:大:木
楴,亠:冖:巾:木:立:丷
楝,亠:八:巾:木
槁,亠:冂:口:木:高
榠,亠:八:冖:日:木
榜,亠:冖:方:木:立:丷
槨,亠:口:子:木:.阝
榱,亠:木:衣
毓,亠:厶:巛:毋
毫,亠:冖:口:毛
氈,亠:口:囗:毛:目
沛,亠:巾:氵
淬,亠:人:十:氵
滂,亠:冖:方:立:丷:氵
溟,亠:八:冖:日:氵
滾,亠:八:口:衣:氵
漓,亠:凵:禸:氵
潦,亠:大:小:日:丷:氵
澤,亠:十:土:立:网:辛:氵
濟,亠:齊:氵
燉,亠:口:子:攴:火
燎,亠:大:小:日:火:丷
燵,亠:土:火:立:丷:辶
犒,亠:冂:口:牛:高
狡,亠:父:犭
猝,亠:人:十:犭
甎,亠:十:寸:日:瓦:虫
甕,亠:幺:瓦:隹
畆,亠:厶:田
痃,亠:幺:玄:疒
瘁,亠:人:十:疒
皎,亠:父:白
眩,亠:幺:玄:目
睾,亠:十:土:目:立:网:辛
瞑,亠:八:冖:日:目
碎,亠:人:十:口:石
磅,亠:冖:口:方:石:立:丷
磚,亠:十:厶:口:寸:日:石:虫
禊,亠:刀:土:大:礻
稟,亠:口:囗:禾
禀,亠:口:囗:示
稾,亠:冂:口:禾:高
簑,亠:口:竹:衣
簔,亠:口:竹:衣
籬,亠:凵:禸:竹:隹
粹,亠:人:十:米
繚,亠:大:小:日:糸:丷
繹,亠:十:土:立:糸:网:辛
纐,亠:父:糸:貝:頁
罔,亠:冂:丷:亡
羶,亠:口:囗:日:玉:羊:丷
肓,亠:月:亡
腋,亠:夕:月:亻
膀,亠:冖:方:月:立:丷
膵,亠:人:十:月:艹
芒,亠:艹:亡
萃,亠:人:十:齊:艹
蒂,亠:冖:巾:立:丷:艹
蒿,亠:冂:口:高:艹
蒡,亠:冖:方:立:丷:艹
蔬,亠:厶:巛:止:疋:艹
薺,亠:刀:齊:艹
蛟,亠:父:虫
螟,亠:八:冖:日:虫
蟀,亠:冫:十:幺:玄:虫
衒,亠:幺:彳:玄:行
袞,亠:八:口:衣
袤,亠:矛:衣
裹,亠:八:木:田:衣
襃,亠:口:木:衣
諄,亠:囗:子:言
謗,亠:冖:方:立:言:丷
謫,亠:冂:十:口:立:言:丷:啇
譯,亠:十:土:立:网:言:辛
豁,亠:八:口:土:宀:谷:个
齎,亠:貝:齊
躋,亠:口:足:齊
逹,亠:十:立:辛:辶
醉,亠:人:十:酉
醯,亠:厶:巛:皿:酉
釋,亠:十:立:米:网:辛:釆
鉉,亠:幺:玄:金
鍄,亠:口:小:金
鎬,亠:冂:口:金:高
鐓,亠:囗:子:攴:金
鐐,亠:八:大:小:日:金:丷
閙,亠:巾:門
闥,亠:十:土:玉:立:羊:辛:門:辶
雍,亠:幺:隹
雜,亠:人:木:隹
霈,亠:巾:雨:氵
霽,亠:雨:齊
齏,亠:韭:齊
韲,亠:韭:齊
頏,亠:儿:貝:頁
顫,亠:口:囗:日:貝:頁
餃,亠:父:食
駭,亠:人:馬
駮,亠:父:馬
驛,亠:十:立:网:辛:馬
驪,亠:冂:广:比:馬:鹿
髞,亠:冂:口:木:高:品
鬧,亠:巾:鬥
魑,亠:儿:凵:匕:田:禸:鬼
鵁,亠:父:鳥:灬
鶉,亠:口:子:鳥:灬
鵺,亠:夕:衣:鳥:灬
鷯,亠:小:日:鳥:个:丷:灬
黐,亠:凵:禸:黍
黥,亠:口:小:里:黒:灬
齧,亠:凵:刀:土:止:米:齒
凜,亠:冫:口:禾
臥,人:臣
渓,人:土:爪:氵
鶏,人:土:大:爪:鳥
欠,人:勹
倹,人:口:个:亻
剣,人:口:个:刂
検,人:口:木:个
険,人:口:个:阝.
験,人:口:馬:个
鹸,人:十:口:囗:鹵:个
庚,人:广:彐
傘,人:十:个
囚,人:囗
潜,人:土:日:氵
閃,人:門
朕,人:大:月:丷
槻,人:大:木:見
内,人:冂
肉,人:冂
納,人:冂:糸
病,人:冂:疒
丙,人:冂
柄,人:冂:木
撲,人:玉:羊:丷:扌
从,人
仄,人:厂
俎,人:目
僉,人:口:个
僣,人:土:日:亻
儉,人:口:个:亻
刔,人:大:刂:ユ
劍,人:口:个:刂
匳,人:匚:口:个
吶,人:冂:口
咎,人:口:夂
噬,人:口:工:竹
嗇,人:口:囗:土
墻,人:口:囗:土
夐,人:冂:勹:夂:目
夾,人:大
姨,人:大:女:弓
孅,人:女:戈:韭
峽,人:大:山
嶮,人:口:山:个
巫,人:工
從,人:彳:疋
怏,人:冂:大:忄
愴,人:口:戸:忄
懺,人:戈:韭:忄
挾,人:大:扌
斂,人:口:攴:个
昃,人:厂:日
暎,人:冂:大:日:艹
檢,人:口:木:个
檣,人:口:囗:土:木
歛,人:口:欠:个
殃,人:冂:大:歹
殲,人:戈:歹:韭
泱,人:冂:大:氵
泅,人:囗:氵
洟,人:大:弓:氵
浹,人:大:氵
滿,人:入:冂:凵:氵
瀲,人:口:攴:个:氵
炳,人:冂:火
牆,人:口:囗:土:爿
狹,人:大:犭
璞,人:玉:羊:丷
痍,人:大:弓:疒
瞼,人:口:目:个
秧,人:冂:大:禾
穡,人:口:囗:土:禾
筴,人:大:竹
筮,人:工:竹
篋,人:匚:大:竹
簽,人:口:竹:个
籤,人:戈:竹:韭
縱,人:土:彳:糸:走:亻
纖,人:戈:糸:韭
羮,人:大:玉:羊:丷:灬
肭,人:冂:月
腴,人:日:月:臼
臉,人:口:月:个
臾,人:臼
艢,人:口:囗:土:舟
莢,人:大:艹
萸,人:日:臼:艹
蓙,人:土:广:艹
薔,人:口:囗:土:艹
蚋,人:冂:虫
衲,人:冂:衤
覡,人:工:見
訥,人:冂:言
誣,人:工:言
諛,人:日:臼:言
讖,人:戈:言:韭
賚,人:八:木:貝
蹐,人:冫:口:月:癶:足
蹼,人:口:玉:羊:足:丷
銕,人:大:弓:金
鋏,人:大:金:个
陋,人:冂:阝.
陜,人:大:阝.
陝,人:入:大:阝.
險,人:口:个:阝.
靈,人:口:工:雨
靹,人:冂:革
鞅,人:冂:凵:口:大:革
鞆,人:冂:革
驗,人:口:馬:个
鰮,人:囗:田:皿:魚:灬
鵐,人:工:鳥:灬
鶺,人:冫:月:鳥:灬
齒,人:凵:止
齡,人:凵:卩:止:齒:个
綾,儿:土:夂:糸
允,儿:厶
胤,儿:幺:月
厩,儿:厂:牙:艮
鋭,儿:口:金:个:丷
悦,儿:口:丷:忄
閲,儿:口:門:丷
塊,儿:匕:厶:土:田:鬼
魁,儿:厶:斗:田:鬼
界,儿:田:个
芥,儿:个:艹
隔,儿:冂:口:鬲:阝.
兜,儿:白
竃,儿:土:宀:穴:龜
冠,儿:冖:寸
勘,儿:力:匚:甘
喚,儿:冂:勹:口:大
堪,儿:匚:土:甘
換,儿:冂:勹:大:扌
翫,儿:冫:白:羽:元
輝,儿:冖:車:尚
鬼,儿:匕:厶:田
橘,儿:冂:口:木:矛
究,儿:宀:穴:九
窮,儿:宀:弓:穴:身
競,儿:口:立
境,儿:土:日:立:音
況,儿:口:氵
鏡,儿:日:立:金:音
尭,儿:十:廾
暁,儿:十:廾:日
空,儿:宀:工:穴
窪,儿:土:宀:穴:氵
兄,儿:口
見,儿:目
虎,儿:匕:卜:厂:虍
光,儿:尚
控,儿:宀:工:穴:扌
晃,儿:日:尚
腔,儿:宀:工:月:穴
克,儿:十:口
唆,儿:厶:口:夂
堺,儿:八:土:田
酸,儿:厶:夂:酉
四,儿:囗
呪,儿:口
蒐,儿:匕:田:鬼:艹
醜,儿:匕:田:酉:鬼
祝,儿:口:礻
俊,儿:厶:夂:亻
峻,儿:厶:夂:山
竣,儿:厶:夂:立
駿,儿:厶:夂:馬
焼,儿:十:火
深,儿:冖:木:氵
甚,儿:甘
税,儿:口:禾:丷
窃,儿:刀:匕:宀:穴
説,儿:口:言:丷
穿,儿:宀:牙:穴
窓,儿:厶:宀:心:穴
続,儿:冖:士:糸
脱,儿:口:月:丷
探,儿:冖:木:扌
窒,儿:厶:土:宀:穴:至
兆,儿:冫
挑,儿:冫:扌
眺,儿:冫:目
跳,儿:冫:口:足
銚,儿:冫:金
纏,儿:土:广:糸:里
党,儿:冖:口:尚
桃,儿:冫:木
逃,儿:冫:辶
涜,儿:冖:士:氵
禿,儿:禾
読,儿:冖:士:士:言
突,儿:大:宀:穴
廃,儿:广:癶
売,儿:冖:士
晩,儿:日:免
匹,儿:匚
菱,儿:土:夂:艹
彪,儿:匕:卜:厂:彡:虍
勉,儿:力:免
娩,儿:女:免
貌,儿:白:豸
睦,儿:土:目
幌,儿:巾:日:尚
魔,儿:匕:广:木:田:鬼:麻
融,儿:冂:口:虫:鬲
窯,儿:宀:玉:穴:羊:丷:灬
耀,儿:彐:隹:尚
陸,儿:土:阝.
凌,儿:冫:土:夂
稜,儿:土:夂:禾
陵,儿:土:夂:阝.
价,儿:个:亻
佻,儿:冫:亻
俛,儿:亻:免
倪,儿:臼:亻
倥,儿:宀:工:穴:亻
傀,儿:匕:厶:田:鬼:亻
僥,儿:土:亻
兀,儿
兒,儿:臼
兌,儿:口:丷
兢,儿:十:口
竸,儿:日:立:音
冏,儿:冂:口
况,儿:冫:口
剋,儿:十:口:刂
吮,儿:厶:口
啌,儿:口:宀:工:穴
圀,儿:囗:方
奐,儿:冂:勹:大
姚,儿:冫:女
尅,儿:十:口:寸
崚,儿:土:夂:山
嵬,儿:匕:山:田:鬼
嶢,儿:土:山
巍,儿:匕:女:山:田:禾:鬼
帶,儿:冖:凵:巾
廛,儿:土:广:里
忱,儿:冖:尢:忄
恍,儿:尚:忄
悛,儿:厶:夂:忄
悗,儿:忄:免
愧,儿:匕:田:鬼:忄
憺,儿:勹:厂:言:忄
戡,儿:匚:戈:甘
擔,儿:厂:言:マ:扌
撓,儿:土:扌
攜,儿:冂:口:山:隹:扌
斟,儿:匚:斗:甘
晄,儿:日:尚
晁,儿:冫:日
曉,儿:土:日
梭,儿:厶:夂:木
椶,儿:凵:夂:木
椹,儿:匚:木:甘
槐,儿:匕:木:田:鬼
橈,儿:土:木
檐,儿:厂:木:言
殼,儿:冖:土:殳
泗,儿:囗:氵
洸,儿:尚:氵
淕,儿:土:氵
渙,儿:冂:大:氵
滉,儿:日:尚:氵
滯,儿:冖:凵:巾:氵
澆,儿:土:氵
濳,儿:土:日:氵
澹,儿:厂:言:氵
烱,儿:冂:口:火
煥,儿:冂:大:火
燒,儿:土:火
牘,儿:囗:士:片:貝
犢,儿:囗:士:牛:貝
猊,儿:臼:犭
獻,儿:冂:匕:卜:厂:口:犬:虍:鬲
琥,儿:匕:卜:厂:玉:虍
瑰,儿:匕:玉:田:鬼
痲,儿:十:木:疒
皃,儿:白
皴,儿:厶:又:夂:皮
睨,儿:目:臼
瞻,儿:勹:厂:目:言
碪,儿:匚:口:甘:石
磽,儿:口:土:石
禝,儿:夂:田:礻
稷,儿:夂:田:禾
穹,儿:宀:弓:穴
窈,儿:力:宀:幺:穴
窗,儿:囗:夕:宀:穴
窕,儿:冫:宀:穴
竈,儿:土:宀:穴:黽
窰,儿:凵:夕:宀:穴:缶
竅,儿:宀:攴:方:白:穴
竄,儿:宀:穴:臼:鼠
窿,儿:夂:宀:生:穴:阝.
邃,儿:宀:穴:豕:丷:辶
竇,儿:冂:士:宀:穴:貝
竊,儿:冂:卜:厶:宀:禸:穴:米:釆
筅,儿:土:竹
箜,儿:宀:工:穴:竹
簷,儿:厂:竹:言
糂,儿:匚:甘:米
鬻,儿:冂:口:弓:米:鬲
絖,儿:糸:尚
繞,儿:土:糸
續,儿:囗:士:糸:貝
纔,儿:比:糸
罕,儿:冖:干
羌,儿:玉:羊:丷
翹,儿:冫:土:羽
胱,儿:月:尚
膈,儿:冂:口:月:鬲
膣,儿:厶:土:宀:月:穴:至
膽,儿:勹:厂:月:言
莵,儿:匕:鬼:艹
蔆,儿:土:夂:氵:艹
蔕,儿:冖:凵:巾:艹
蕘,儿:土:艹
薐,儿:土:夂:禾:艹
藐,儿:日:豸:艹
號,儿:勹:匕:卜:厂:口:虍
蛻,儿:口:虫:丷
蟯,儿:土:虫
蟾,儿:厂:虫:言
裔,儿:冂:口:衣
褫,儿:匕:卜:厂:虍:衤
覿,儿:囗:士:見:貝
誂,儿:冫:言
謖,儿:夂:田:言
譎,儿:冂:口:矛:言
譫,儿:勹:厂:言
讀,儿:囗:士:言:貝
讒,儿:口:比:言
貎,儿:臼:豸
贍,儿:厂:言:貝
贖,儿:囗:士:貝
躔,儿:口:土:广:田:足
輓,儿:車:免
逡,儿:厶:夂:辶
逵,儿:土:辶
遞,儿:匕:卜:厂:虍:辶
遶,儿:土:辶
邊,儿:宀:方:穴:自:辶
鍖,儿:匚:甘:金
鐃,儿:土:金
鑁,儿:凵:夂:金
隗,儿:匕:田:鬼:阝.
霓,儿:臼:雨
竟,儿:日:立:音
餽,儿:匕:田:食:鬼
饒,儿:土:食
饕,儿:匕:卜:厂:口:虍:食
駟,儿:囗:馬
驍,儿:土:馬
鬩,儿:臼:鬥
鬲,儿:冂:口
魄,儿:匕:田:白:鬼
魏,儿:匕:女:田:禾:鬼
魍,儿:冂:匕:田:鬼:丷:亡
魘,儿:匕:厂:日:月:犬:田:鬼
鯢,儿:田:臼:魚:灬
鯱,儿:匕:卜:厂:田:虍:魚:灬
鷸,儿:冂:口:矛:鳥:灬
麑,儿:广:比:臼:鹿
黷,儿:囗:士:貝:里:黒:灬
堯,儿:土
込,入:辶
兪,入:月:个
叺,入:口
圦,入:土
杁,入:木
柩,入:匚:木:久
窩,入:冂:口:宀:穴
糴,入:彐:米:隹
蹣,入:冂:凵:口:足
鳰,入:鳥:灬
異,八:田:井
溢,八:皿:丷:尚:氵
窺,八:大:宀:穴:見
叡,八:冖:卜:又:目
益,八:皿:丷
沿,八:口:氵
演,八:宀:田:氵
鉛,八:口:金:丷
翁,八:冫:厶:羽
黄,八:田
寡,八:刀:宀:自
介,八:个
貝,八:目
基,八:土:甘
旗,八:方:甘
期,八:月:甘
棋,八:木:甘
欺,八:欠:甘
挙,八:手:尚
共,八
恭,八:心:井
興,八:冂:口:臼
倶,八:目:亻
具,八:目
虞,八:匕:卜:厂:口:虍
穴,八:宀
呉,八:口
娯,八:口:女
誤,八:口:言
公,八:厶
巷,八:己:井
港,八:己:氵:井
塞,八:土:宀
斯,八:斤:甘
松,八:厶:木
訟,八:厶:言
慎,八:十:目:忄
真,八:十:目
船,八:口:舟
全,八:玉
曾,八:日
総,八:厶:心:糸
聡,八:厶:心:耳
俗,八:口:谷:个:亻
其,八:甘
只,八:口
谷,八:口:个
鎮,八:十:目:金:丷
填,八:十:土:目
顛,八:十:目:貝:頁
寅,八:宀:田
硲,八:口:石:谷:个
頒,八:刀:貝:頁
鋲,八:斤:金:丷
浜,八:斤:氵
貧,八:刀:貝
分,八:刀
扮,八:刀:扌
紛,八:刀:糸
雰,八:刀:雨
兵,八:斤
盆,八:刀:皿
槙,八:十:木:目
箕,八:甘:竹
裕,八:口:谷:个:衤
輿,八:臼:車
容,八:口:宀:穴:谷:个
溶,八:口:宀:穴:谷:个:氵
熔,八:口:宀:火:穴:谷:个
蓉,八:口:宀:穴:谷:个:艹
慾,八:口:心:欠:谷:个
欲,八:口:欠:谷:个
浴,八:口:谷:个:氵
兮,八:弓
卻,八:卩:口:谷
厮,八:厂:斤:甘
叭,八:口
吩,八:刀:口
咫,八:口:尸
嗔,八:十:口:目
嘶,八:口:斤:甘
囂,八:口:自
囎,八:口:日:田:貝:丷
壑,八:冖:卜:又:口:土:个
岔,八:刀:山
峪,八:口:山:谷:个
嶼,八:山:臼
巓,八:十:山:目:貝:頁
廣,八:广:田:黄
廝,八:广:斤:甘
忿,八:刀:心
惧,八:目:忄
愼,八:匕:目:忄
憙,八:口:士:心:豆
撕,八:斤:甘:扌
擧,八:手:臼
擴,八:广:田:黄:扌
攀,八:大:手:木:爻
曠,八:广:日:田:黄
朞,八:月:甘
枩,八:厶:木
枌,八:刀:木
枳,八:口:木
梹,八:斤:木
棊,八:木:甘
榕,八:口:宀:木:穴:个
歟,八:欠:臼
氛,八:刀:气
汾,八:刀:氵
浚,八:厶:夂:氵
淇,八:甘:氵
淞,八:厶:木:氵
濬,八:冖:卜:目:个:氵
爨,八:冂:冖:口:木:火
瓮,八:厶:瓦
瓰,八:刀:瓦
癜,八:尸:殳:疒
癲,八:十:疒:目:貝:頁
盻,八:勹:目
眞,八:匕:目
睿,八:冖:卜:目:个
瞋,八:十:目
礦,八:口:广:田:石:黄
祺,八:甘:礻
稘,八:甘:禾
穃,八:口:宀:禾:穴:个
簧,八:田:竹:黄
籏,八:方:甘:竹
臀,八:尸:月:月:殳
與,八:臼
舩,八:厶:舟
芬,八:刀:艹
茣,八:口:艹
菘,八:厶:木:艹
蓊,八:冫:厶:羽:艹
蚣,八:厶:虫
蜈,八:口:虫
諡,八:勹:皿:言
譽,八:臼:言
谺,八:口:牙:谷:个
逧,八:口:谷:个:辶
邉,八:冖:口:自:辶
郤,八:口:谷:个:.阝
釁,八:冂:刀:臼:酉
釟,八:金:丷
釡,八:金:丷
鎰,八:皿:金:丷
鎔,八:口:宀:穴:谷:金:个:丷
鑛,八:广:田:金:黄
韆,八:己:襾:革:辶
頌,八:厶:貝:頁
颶,八:目:風
騏,八:甘:馬
鬆,八:厶:彡:木:長:髟
鰌,八:田:酉:魚:灬
鴪,八:宀:穴:鳥:灬
鶲,八:冫:厶:羽:鳥:灬
鷆,八:匕:目:鳥:灬
鷏,八:十:目:鳥:灬
麌,八:口:广:比:鹿
麒,八:广:比:甘:鹿
黌,八:冖:爻:田:臼:黄
黹,八:冂:丷
鼕,八:冫:十:又:口:士:夂:支:鼓
奥,冂:大:米
襖,冂:大:米:衤
岡,冂:山:丷
禍,冂:口:礻
過,冂:口:辶
滑,冂:冖:月:骨:氵
桐,冂:口:木
愚,冂:厶:心:田:禸
偶,冂:厶:田:禸:亻
寓,冂:厶:宀:田:禸
遇,冂:厶:田:禸:辶
隅,冂:厶:日:田:禸:阝.
献,冂:十:干:犬:丷
向,冂:口
構,冂:十:木
溝,冂:十:氵
綱,冂:山:糸:丷:岡
講,冂:十:言
鋼,冂:山:金:丷:岡
剛,冂:山:丷:刂:岡
骨,冂:冖:月
周,冂:口:土
週,冂:口:土:辶
尚,冂:口
廠,冂:口:广:攴:尚
鯛,冂:口:土:田:魚:灬
凋,冂:冫:口:土
彫,冂:口:土:彡
調,冂:口:土:言
筒,冂:口:竹
同,冂:口
洞,冂:口:氵
胴,冂:口:月
銅,冂:口:金
鍋,冂:口:金
南,冂:十:干:丷
楠,冂:十:干:木:丷
幣,冂:巾:攴:丷
箆,冂:比:竹
繭,冂:糸:虫:風:艹
網,冂:糸:丷:亡
麗,冂:广:比:鹿
侖,冂:廾:个:冊
儷,冂:广:比:鹿:亻
囘,冂:己
册,冂
刪,冂:刂:冊
厰,冂:厂:口:攴:尚
咼,冂:口
喃,冂:十:口:干:丷
嚮,冂:口:艮:.阝
堝,冂:口:土
墺,冂:土:大:米
崗,冂:凵:山:丷:岡
幤,冂:口:巾:攴:尚
恫,冂:口:忄
惆,冂:口:土:忄
惘,冂:工:丷:忄
慵,冂:广:彐:用:聿:忄
懊,冂:大:米:忄
敞,冂:口:攴:尚
斃,冂:匕:夕:小:巾:攴:丷:尚
旃,冂:方
暼,冂:小:巾:攴:日:丷:尚
棡,冂:凵:山:木:丷:岡
淌,冂:口:尚:氵
澳,冂:大:米:氵
灑,冂:广:比:鹿:氵
炯,冂:口:火
燠,冂:大:火:米
猾,冂:冖:月:骨:犭
瑁,冂:玉:目
瓊,冂:夂:玉:目
磆,冂:冖:口:月:石:骨
礇,冂:口:大:石:米
禺,冂:日:田:禸
稠,冂:口:土:禾
簓,冂:十:口:彡:竹
粡,冂:口:米
絅,冂:口:糸
綢,冂:口:土:糸
萬,冂:日:田:禸:艹
萵,冂:口:艹
蜩,冂:口:土:虫
蝸,冂:口:虫
辭,冂:十:又:爪:禸:立:辛
迥,冂:口:辶
遖,冂:十:干:丷:辶
雕,冂:口:士:隹
霙,冂:大:雨:艹
餉,冂:口:食
骭,冂:冖:干:月:骨
骰,冂:冖:月:殳:骨
骼,冂:冖:口:夂:月:骨
髀,冂:冖:十:月:田:骨
髑,冂:冖:勹:月:网:虫:骨
鶻,冂:冖:月:骨:鳥:灬
鼈,冂:小:攴:黽:尚
愛,冖:夂:心:爪
壱,冖:匕:士
運,冖:車:辶
営,冖:口:尚
栄,冖:木:尚
鴬,冖:鳥:尚:灬
撹,冖:見:尚:扌
殻,冖:几:士:殳
覚,冖:見:尚
学,冖:子:尚
揮,冖:車:扌
帰,冖:巾:彐:刂
軍,冖:車
慶,冖:夂:广:心
蛍,冖:虫:尚
穀,冖:士:殳:禾
索,冖:十:糸
写,冖:勹
受,冖:又:爪
授,冖:又:爪:扌
綬,冖:又:爪:糸
瞬,冖:夕:爪:牛:目:舛
舜,冖:夕:爪:牛:舛
償,冖:口:貝:亻:尚
嘗,冖:匕:口:日:尚
掌,冖:口:手:尚
裳,冖:口:衣:尚
賞,冖:口:貝:尚
冗,冖:几
常,冖:口:巾:尚
擾,冖:夂:心:白:扌
畳,冖:田
侵,冖:又:彐:亻
寝,冖:又:宀:彐:爿
浸,冖:又:彐:氵
掃,冖:巾:彐:扌
滞,冖:巾:氵
塚,冖:土:豕
堂,冖:口:土:尚
婦,冖:女:巾:彐
冨,冖:口:田
勃,冖:力:十:子
夢,冖:夕:网:艹
蒙,冖:豕:艹
優,冖:夂:心:白:亻
憂,冖:夂:心:自
労,冖:力:尚
儚,冖:夕:网:亻:艹
儻,冖:口:里:黒:亻:尚:灬
冢,冖:豕
冩,冖:勹:臼:灬
冪,冖:大:巾:日:艹
勞,冖:力:火
噎,冖:口:士:豆:丷
營,冖:口:火
嚔,冖:十:口:田:疋
嚏,冖:十:口:田:疋
塋,冖:土:火
壺,冖:士
壹,冖:口:士:豆:丷
孛,冖:十:士:子
學,冖:子:臼
寢,冖:又:宀:彐:爿
帚,冖:巾:彐
彙,冖:彐:木:田:彑
悖,冖:十:子:忄
愨,冖:士:心:殳
懿,冖:冫:口:士:心:欠:豆:丷
戞,冖:戈:自
撈,冖:力:火:扌
擡,冖:厶:口:土:士:至:扌
暈,冖:日:車
暉,冖:日:車
曖,冖:夂:心:日:爪
曚,冖:日:豕:艹
朦,冖:月:豕:艹
棠,冖:口:木:尚
榮,冖:木:火
榾,冖:口:月:木:骨
檬,冖:木:豕:艹
鬱,冖:凵:匕:彡:木:缶
歸,冖:口:巾:彐:止
殪,冖:口:士:歹:豆:丷
渾,冖:車:氵
渤,冖:力:十:子:氵
濛,冖:豕:氵:艹
犖,冖:火:牛
琿,冖:玉:車
瑩,冖:火:玉
甍,冖:瓦:网:艹
甞,冖:口:甘:尚
當,冖:口:田:尚
疊,冖:田:目
疂,冖:冫:田:目
癆,冖:力:火:疒
皸,冖:又:皮:車
皹,冖:又:皮:車
瞠,冖:口:土:目:尚
瞹,冖:夂:心:爪:目
矇,冖:目:豕:艹
礑,冖:口:田:石:尚
箒,冖:巾:彐:竹
臺,冖:厶:口:土:士:至
艨,冖:舟:豕:艹
菷,冖:巾:彐:艹
葷,冖:車:艹
蕣,冖:夕:爪:舛:艹
薨,冖:匕:夕:网:艹
薹,冖:厶:口:土:士:至:艹
螢,冖:火:虫
蟐,冖:口:巾:虫:尚
螳,冖:口:土:虫:尚
蟷,冖:口:田:虫:尚
蠑,冖:木:火:虫
蠧,冖:口:士:石:虫
褌,冖:車:衤
襠,冖:口:田:尚:衤
覺,冖:爻:臼:見
諢,冖:言:車
轂,冖:士:殳:車
鐺,冖:口:田:金:尚
饐,冖:口:士:豆:食:丷
駸,冖:又:彐:馬
鶯,冖:火:鳥:灬
鶤,冖:車:鳥:灬
鷽,冖:爻:臼:鳥:灬
黨,冖:口:里:黒:尚:灬
茨,冫:欠:艹
鰯,冫:弓:田:魚:灬
羽,冫
楽,冫:木:白
翰,冫:十:日:羽:个
凝,冫:匕:疋:矢:マ
冴,冫:牙
姿,冫:女:欠
諮,冫:口:欠:言
資,冫:欠:貝
次,冫:欠
弱,冫:弓
習,冫:白:羽
渋,冫:止:氵
准,冫:隹
摺,冫:白:羽:扌
凄,冫:十:女:彐
摂,冫:耳:扌
扇,冫:戸:羽
煽,冫:戸:火:羽
溺,冫:弓:氵
盗,冫:欠:皿
謬,冫:彡:羽:言:个
翻,冫:田:米:羽:釆
冶,冫:厶:口
薬,冫:日:木:艹
翌,冫:立:羽
塁,冫:土:田
冷,冫:卩:个
冰,冫:水
冽,冫:歹:刂
凅,冫:十:口:囗
勠,冫:力:彡:羽:个
凖,冫:十:隹
咨,冫:口:欠
唹,冫:口:方:个
嫋,冫:女:弓
寥,冫:宀:彡:羽:个
嵶,冫:山:弓
廖,冫:广:彡:羽:个
恣,冫:心:欠
慴,冫:白:羽:忄
憑,冫:心:馬
戮,冫:彡:戈:羽:个
挧,冫:羽:扌
搦,冫:弓:扌
搨,冫:日:羽:扌
摎,冫:彡:羽:个:扌
擽,冫:木:白:扌
栩,冫:木:羽
榻,冫:日:木:羽
樛,冫:彡:木:羽:个
檪,冫:木:白
歙,冫:口:欠:羽:个
淤,冫:方:个:氵
瀚,冫:十:日:羽:个:氵
爍,冫:木:火:白
瓷,冫:欠:瓦
礫,冫:口:木:白:石
粢,冫:欠:米
繆,冫:彡:糸:羽:个
翅,冫:十:又:支:羽
翆,冫:十:羽:九
翊,冫:立:羽
翕,冫:口:羽:个
翔,冫:羊:羽:丷
翡,冫:羽:非
翦,冫:月:羽:丷:刂
翳,冫:匚:殳:矢:羽
聚,冫:又:耳
膠,冫:彡:月:羽:个
蒻,冫:弓:艹
蓼,冫:彡:羽:个:艹
褶,冫:白:羽:衤
軣,冫:車
轢,冫:木:白:車
醪,冫:彡:羽:酉:个
鈞,冫:勹:金
鏐,冫:彡:羽:金:个
鑠,冫:木:白:金
閼,冫:方:門:个
韵,冫:勹:日:立:音
馮,冫:馬
鮗,冫:夂:田:魚:灬
鯲,冫:方:田:魚:个:灬
鶸,冫:弓:鳥:灬
凱,几:口:山:豆:丷
馨,几:又:士:日:禾:香
机,几:木
飢,几:食
拠,几:夂:扌
夙,几:歹
処,几:夂:攴
凪,几:止
肌,几:月
鳳,几:鳥:灬
猟,几:用:尚:犭
佩,几:巾:亻
處,几:匕:卜:厂:夂:虍
凩,几:木
凰,几:玉:白
咒,几:口
珮,几:巾:玉
薇,几:山:彳:攴:艹
諷,几:虫:言:風
頽,几:禾:貝:頁
鳧,几:鳥:灬
鳬,几:鳥
凹,凵
画,凵:田
缶,凵:山
歯,凵:止:米:齒
淘,凵:勹:缶:氵
悩,凵:尚:忄
脳,凵:月:尚
函,凵:水
揺,凵:干:爪:缶:扌
謡,凵:干:爪:缶:言
遥,凵:干:爪:缶:辶
齢,凵:卩:止:米:齒:个
凾,凵:又:口
匈,凵:勹
啣,凵:卩:口:止:缶
嚥,凵:匕:口:爿:灬
寶,凵:宀:玉:缶:貝
屆,凵:土:士:尸
徭,凵:夕:彳:缶
恟,凵:勹:忄
掣,凵:巾:手:牛:缶:刂
掏,凵:勹:缶:扌
搖,凵:夕:缶:扌
旆,凵:巾:干:方:缶
洶,凵:勹:氵
涵,凵:水:氵
瑶,凵:爪:玉:缶
綯,凵:勹:糸:缶
缸,凵:工:缶
罌,凵:缶:貝
罍,凵:田:缶
罐,凵:口:缶:隹:艹
臙,凵:匕:口:月:爿:灬
艷,凵:口:山:色:豆:丷
蓆,凵:巾:广:艹
蔗,凵:广:艹:灬
謠,凵:夕:缶:言
讌,凵:匕:口:爿:言:灬
豐,凵:口:山:豆:丷
蹠,凵:口:广:足:灬
鬯,凵:匕
鷂,凵:夕:缶:鳥:灬
鷓,凵:广:鳥:灬
齔,凵:匕:止:米:齒
齣,凵:勹:口:止:米:齒
齟,凵:止:目:米:齒
齠,凵:刀:口:止:米:齒
齦,凵:止:米:艮:齒
齬,凵:口:止:米:齒:五
齪,凵:口:止:米:足:齒
齷,凵:厶:土:尸:止:米:至:齒
解,刀:牛:角
拐,刀:口:扌
蟹,刀:牛:虫:角
初,刀:衤
召,刀:口
招,刀:口:扌
昭,刀:口:日
沼,刀:口:氵
照,刀:口:日:灬
紹,刀:口:糸
詔,刀:口:言
切,刀:匕
超,刀:口:土:走
粉,刀:米:丷
辺,刀:辶
貿,刀:厶:貝
溜,刀:厶:田:氵
留,刀:厶:田
瑠,刀:厶:玉:田
刄,刀
刧,刀:厶:土
剪,刀:月:丷:刂
劈,刀:十:口:尸:立:辛
辧,刀:十:立:辛
劭,刀:力:口
叨,刀:口
囹,刀:囗:个
屶,刀:山
廨,刀:广:牛:角
彜,刀:廾:彐:米:丷:彑
懈,刀:牛:角:忄
挈,刀:土:手
朷,刀:木
枴,刀:口:木
榴,刀:厶:木:田
瘤,刀:厶:田:疒
砌,刀:匕:口:石
竕,刀:立:丷
籀,刀:厶:田:竹:扌
粱,刀:米:丷:氵
茘,刀:艹
蠏,刀:牛:虫:角
貂,刀:口:豸
迢,刀:口:辶
邂,刀:牛:角:辶
邵,刀:口:.阝
釖,刀:金
霤,刀:厶:田:雨
靱,刀:革
韶,刀:口:日:立:音
髫,刀:口:彡:長:髟
鰡,刀:厶:田:魚:灬
甥,力:生:田
伽,力:口:亻
加,力:口
嘉,力:口:士
架,力:口:木
茄,力:口:艹
迦,力:口:辶
賀,力:口:貝
駕,力:口:馬
協,力:十
脅,力:月
勤,力:口:土:艹
筋,力:月:竹
袈,力:口:衣
功,力:工
劫,力:厶:土
捌,力:口:刂:扌
助,力:目
鋤,力:目:金
男,力:田
努,力:又:女
別,力:口:刂
募,力:大:日:艹
務,力:夂:矛
霧,力:夂:矛:雨
勇,力:田:マ
湧,力:田:マ:氵
幼,力:幺
虜,力:匕:卜:厂:田:虍
励,力:厂:斤
肋,力:月
脇,力:月
仂,力:亻
劬,力:勹:口
劼,力:口:士
勁,力:巛:工
勗,力:日:目
勦,力:木:田:尚
飭,力:食
勵,力:厂:田:禸
勸,力:十:口:隹:艹
娚,力:女:田
嬲,力:女:田
嫐,力:女:田
恊,力:忄
懃,力:心:艹
拗,力:幺:扌
朸,力:木
枷,力:口:木
沒,力:又:氵
珈,力:口:玉
痂,力:口:疒
笳,力:口:竹
舅,力:田:臼
莇,力:目:艹
跏,力:口:足
踴,力:口:田:足:マ
釛,力:金
勒,力:革
黝,力:幺:里:黒:灬
絢,勹:日:糸
易,勹:日:勿
謁,勹:匕:日:言
鈎,勹:厶:金
潟,勹:臼:氵:灬
喝,勹:匕:口:日
渇,勹:匕:日:氵
葛,勹:匕:日:艹
褐,勹:匕:日:衤
鞄,勹:己:革
危,勹:厂
掬,勹:米:扌
菊,勹:米:艹
鞠,勹:米:革
急,勹:彐:心
朽,勹:木
驚,勹:口:夂:攴:馬:艹
句,勹:口
狗,勹:口:犭
駒,勹:口:馬
掲,勹:匕:日:扌
敬,勹:口:攴:艹
警,勹:口:夂:攴:言:艹
勾,勹:厶
巧,勹:工
拘,勹:口:扌
衡,勹:大:彳:田:行
号,勹:口
忽,勹:心:勿
旬,勹:日
殉,勹:日:歹
象,勹:口:豕
燭,勹:火:网:虫
色,勹:巴
趨,勹:土:屮:走
雛,勹:屮:隹
脆,勹:厂:月
像,勹:口:豕:亻
濁,勹:网:虫:氵
陶,勹:缶:阝.
萄,勹:缶:艹
匂,勹:匕
負,勹:貝
葡,勹:十:用:艹
物,勹:牛:勿
吻,勹:口:勿
包,勹:己
庖,勹:己:广
抱,勹:己:扌
泡,勹:己:氵
砲,勹:口:己:石
胞,勹:己:月
飽,勹:己:食
与,勹:卜
佝,勹:口:亻
偈,勹:匕:日:亻
刎,勹:刂:勿
甸,勹:田
匐,勹:口:田
咆,勹:口:己
啗,勹:口:臼
囑,勹:口:尸:网:虫
垉,勹:土:己
寫,勹:宀:臼:灬
屬,勹:尸:网:虫
徇,勹:彳:日
怐,勹:口:忄
恂,勹:日:忄
曷,勹:匕:日:曰
枸,勹:口:木
枹,勹:己:木
栲,勹:木:老
椈,勹:木:米
檠,勹:口:攴:木:艹
歇,勹:匕:日:欠
歿,勹:又:歹
洵,勹:日:氵
瀉,勹:宀:臼:氵:灬
炮,勹:己:火
煦,勹:口:日:灬
獨,勹:网:虫:犭
疱,勹:己:疒
皰,勹:又:己:皮
皺,勹:又:屮:皮
矚,勹:尸:目:网:虫
碣,勹:匕:口:日:石
竭,勹:匕:日:立
筍,勹:日:竹
粤,勹:囗:米
羯,勹:匕:日:玉:羊:丷
臈,勹:匕:日:月:艹
芻,勹:屮:艹
苟,勹:口:艹
苞,勹:己:艹
荀,勹:日:艹
萢,勹:己:氵:艹
蒭,勹:屮:艹
蒟,勹:口:立:艹
蔔,勹:口:田:艹
藜,勹:水:禾:黍:个:艹
藹,勹:匕:日:言:艹
蚫,勹:己:虫
蜀,勹:网:虫
蝎,勹:匕:日:虫
蠍,勹:匕:日:欠:虫
袍,勹:己:衤
觸,勹:网:虫:角
詢,勹:日:言
鞫,勹:言:革
跪,勹:卩:厂:口:足
躅,勹:口:网:虫:足
遏,勹:匕:日:辶
鄒,勹:屮:艹:.阝
鉤,勹:口:金
鉋,勹:己:金
閻,勹:臼:門
陷,勹:臼:阝.
雹,勹:己:雨
靄,勹:匕:日:言:雨
靤,勹:己:面
鞨,勹:匕:日:革
髱,勹:己:彡:長:髟
鮑,勹:己:田:魚:灬
麁,勹:广:比:鹿
麭,勹:夂:己:麥
嘘,匕:卜:厂:口:虍
姥,匕:女:老
穎,匕:禾:貝:頁
頴,匕:示:貝:頁
燕,匕:口:爿:艹:灬
化,匕:亻
花,匕:亻:艹
貨,匕:貝:亻
椛,匕:木:亻:艹
戯,匕:卜:厂:戈:虍
擬,匕:疋:矢:マ:扌
疑,匕:疋:矢:マ
虐,匕:匚:卜:厂:虍
虚,匕:卜:厂:虍
靴,匕:革:亻
熊,匕:厶:月:灬
傾,匕:貝:頁:亻
稽,匕:日:禾:尤
詣,匕:日:言
劇,匕:卜:厂:虍:豕:刂
此,匕:止
頃,匕:貝:頁
砦,匕:口:止:石
匙,匕:日
屍,匕:夕:尸:歹
指,匕:日:扌
旨,匕:日
死,匕:夕:歹
紫,匕:止:糸
脂,匕:日:月
雌,匕:止:隹
叱,匕:口
柴,匕:木:止
蛇,匕:宀:虫
葬,匕:夕:廾:艹
詑,匕:宀:言
柁,匕:宀:木
舵,匕:宀:舟
陀,匕:宀:阝.
態,匕:厶:心:月
泥,匕:尸:氵
鴇,匕:十:鳥:灬
尼,匕:尸
能,匕:厶:月
背,匕:月:爿
櫨,匕:卜:厂:木:田:皿:虍
罷,匕:厶:月:网
髭,匕:彡:止:長:髟
膚,匕:卜:厂:月:田:虍
北,匕:爿
牝,匕:牛
慮,匕:卜:厂:心:田:虍
佗,匕:宀:亻
呰,匕:口:止
嘴,匕:口:止:角
囮,匕:囗:亻
埖,匕:土:亻:艹
它,匕:宀
嶷,匕:山:疋:矢
廬,匕:卜:厂:广:田:皿:虍
怩,匕:尸:忄
戲,匕:卜:厂:口:戈:虍:豆:丷
據,匕:卜:厂:虍:豕:扌
擺,匕:厶:月:网:扌
昵,匕:尸:日
歔,匕:卜:厂:欠:虍:丷
沱,匕:宀:氵
潁,匕:水:貝:頁
瀘,匕:卜:厂:田:皿:虍:氵
爐,匕:卜:厂:火:田:皿:虍
疵,匕:止:疒
瘧,匕:卜:厂:疒:虍
癡,匕:疋:疒:矢
皀,匕:白
盧,匕:卜:厂:田:皿:虍
眤,匕:尸:目
眥,匕:止:目
眦,匕:止:目
硴,匕:口:石:亻:艹
礙,匕:口:疋:矢:石:マ
糀,匕:米:亻:艹
羆,匕:厶:月:网:灬
肄,匕:矢:聿
臚,匕:卜:厂:月:田:皿:虍
艫,匕:卜:厂:田:皿:舟:虍
葹,匕:方:艹:也
蘆,匕:卜:厂:田:皿:虍:艹
虍,匕:卜:厂
虔,匕:卜:厂:文:虍
觜,匕:止:角
訛,匕:言:亻
謔,匕:匚:卜:厂:虍:言
貲,匕:止:貝
轤,匕:卜:厂:田:皿:虍:車
遽,匕:卜:厂:虍:豕:辶
醵,匕:卜:厂:虍:豕:酉
釶,匕:金:也
鉈,匕:宀:金
錵,匕:金:个:亻:艹
鑢,匕:卜:厂:心:田:虍:金
鑪,匕:卜:厂:田:皿:虍:金
顱,匕:卜:厂:田:皿:虍:貝:頁
駝,匕:宀:馬
驢,匕:卜:厂:田:皿:虍:馬
髢,匕:彡:長:髟:也
鮨,匕:日:田:魚:灬
鱸,匕:卜:厂:田:皿:虍:魚:灬
鴕,匕:宀:鳥:灬
医,匚:矢
堰,匚:土:女:日
巨,匚
拒,匚:扌:巨
渠,匚:木:氵:巨
距,匚:口:足:巨
匡,匚:玉
匠,匚:斤
臣,匚
枢,匚:木
匝,匚:巾
匪,匚:非
偃,匚:女:日:亻
傴,匚:口:亻:品
匯,匚:隹:氵
匱,匚:貝
區,匚:口:品
嘔,匚:口:品
奩,匚:口:大:品
嫗,匚:口:女:品
嶇,匚:口:山:品
框,匚:木:玉
榧,匚:木:非
樞,匚:口:木:品
櫃,匚:木:貝
歐,匚:口:欠:品
毆,匚:口:殳:品
炬,匚:火:巨
煕,匚:己:臣:灬
甌,匚:口:瓦
筐,匚:玉:竹
箍,匚:巾:竹:扌
謳,匚:口:言:品
醫,匚:殳:矢:酉
頤,匚:臣:貝:頁
驅,匚:口:馬:品
熙,匚:口:己:灬
梓,十:木:立:辛
斡,十:斗:日:个
箇,十:口:囗:竹
壊,十:土:网:衣
懐,十:网:衣:忄
革,十:口:廾
叶,十:口
干,十
幹,十:干:日:个
韓,十:口:日:韋
伎,十:又:支:亻
岐,十:又:山:支
妓,十:又:女:支
技,十:又:支:扌
居,十:口:尸
鋸,十:口:尸:金
粁,十:干:米
苦,十:口:艹
計,十:言
戟,十:戈:日
個,十:口:囗:亻
古,十:口
固,十:口:囗
姑,十:口:女
故,十:口:攴
枯,十:口:木
湖,十:口:月:氵
糊,十:口:月:米
胡,十:口:月
鈷,十:口:金
鼓,十:又:口:士:支:豆:丷
瑚,十:口:月:玉
醐,十:口:月:酉
降,十:夂:阝.
宰,十:宀:立:辛
支,十:又
枝,十:又:支:木
肢,十:又:支:月
辞,十:口:立:舌:辛
什,十:亻
汁,十:氵
循,十:厂:彳:斤:目
楯,十:厂:斤:木:目
準,十:隹:氵
盾,十:厂:斤:目
彰,十:彡:日:立:音
樟,十:日:木:立:音
章,十:日:立:音
障,十:日:立:音:阝.
埴,十:土:目
植,十:木:目
殖,十:歹:目
辛,十:立
針,十:金
迅,十:辶
粋,十:米:九
酔,十:酉:九
据,十:口:尸:扌
裾,十:口:尸:衤
棲,十:女:彐:木
蝉,十:田:虫:尚
専,十:寸:田
戦,十:戈:田:尚
禅,十:田:尚:礻
早,十:日
草,十:日:艹
賊,十:戈:貝
騨,十:田:馬:尚
卓,十:卜:日
単,十:田:尚
箪,十:田:竹:尚
弾,十:弓:田:尚
置,十:目:网
衷,十:口:衣
朝,十:日:月
潮,十:日:月:氵
聴,十:心:网:耳
辻,十:辶
潰,十:口:貝:氵
悼,十:卜:日:忄
徳,十:彳:心:网
遁,十:厂:斤:目:辶
牌,十:片:田
隼,十:隹
卑,十:田
碑,十:口:田:石
避,十:口:尸:立:辛:辶
稗,十:田:禾
廟,十:广:日:月
阜,十
噴,十:口:貝:艹
墳,十:土:貝:艹
憤,十:貝:忄:艹
僻,十:口:尸:立:辛:亻
壁,十:口:土:尸:立:辛
癖,十:口:尸:疒:立:辛
穂,十:心:田:禾
膨,十:口:土:彡:月:豆:丷
枠,十:木:九
估,十:口:亻
倨,十:口:尸:亻
伜,十:亻:九
倬,十:卜:日:曰:亻
俾,十:田:亻
做,十:口:攴:亻
僂,十:女:亻
僖,十:口:士:豆:亻:丷
卆,十:九
卉,十:廾
叟,十:又:支:臼
啅,十:卜:口:日
單,十:口:田
嘲,十:口:日:月
囀,十:厶:口:寸:田:車
團,十:厶:囗:寸
夲,十:大
婢,十:女:田
嬖,十:口:女:尸:立:辛
專,十:厶:寸:田:虫
屐,十:又:尸:彳:支
嶂,十:山:日:曰:立:音
廳,十:广:心:玉:网:耳
廰,十:广:心:网:耳
悳,十:心:目
怙,十:口:忄
忰,十:九:忄
懽,十:口:隹:忄:艹
掉,十:卜:日:曰:扌
摶,十:厶:寸:日:虫:扌
擘,十:口:尸:手:立:辛
棹,十:卜:日:木
楜,十:口:月:木
權,十:口:木:隹:艹
槹,十:斗:木:白
槫,十:厶:寸:日:木:虫
橲,十:口:士:木:豆:丷
檗,十:口:尸:木:立:辛
蘗,十:口:尸:木:立:辛:艹
蘖,十:口:木:立:辛:艹
欟,十:口:木:見:隹:艹
歡,十:口:欠:隹:艹
殫,十:口:歹:田
沽,十:口:氵
涸,十:口:囗:氵
滓,十:宀:立:辛:氵
溲,十:又:支:日:氵
灌,十:口:隹:氵:艹
滷,十:卜:囗:鹵:氵
潭,十:日:曰:襾:氵
澎,十:口:土:彡:豆:丷:氵
澣,十:干:日:个:氵
濆,十:貝:氵:艹
熹,十:口:士:豆:丷:灬
璋,十:日:曰:玉:立:音
璧,十:口:尸:玉:立:辛
瓣,十:瓜:立:辛
瓧,十:瓦
甓,十:口:尸:瓦:立:辛
痼,十:口:囗:疒
痺,十:田:疒
瘴,十:日:曰:疒:立:音
皋,十:大:白
睥,十:田:目
瞽,十:又:口:士:支:目:豆:鼓:丷
禧,十:口:士:豆:丷:礻
稙,十:目:禾
竍,十:立
簟,十:日:曰:竹:襾
籵,十:米
綽,十:卜:日:糸
縡,十:宀:立:糸:辛
辮,十:立:糸:辛
罩,十:卜:日:网
聽,十:心:玉:网:耳
脾,十:月:田
臂,十:口:尸:月:立:辛
葫,十:口:月:艹
蕈,十:日:曰:襾:艹
薜,十:口:尸:立:辛:艹
蛄,十:口:虫
蝴,十:口:月:虫
蠎,十:大:廾:虫:艹
裨,十:田:衤
襌,十:口:田:衤
褝,十:田:尚:衤
襞,十:口:尸:立:衣:辛
覃,十:日:襾
觀,十:口:見:隹:艹
詁,十:口:言
譚,十:日:曰:襾:言
譬,十:口:尸:立:言:辛
讙,十:口:言:隹:艹
貭,十:厂:貝
賁,十:貝:艹
跂,十:又:口:支:足
踞,十:口:尸:足
躄,十:口:尸:立:足:辛
轉,十:寸:田:虫:車
辜,十:口:立:辛
辟,十:口:尸:立:辛
辯,十:立:言:辛
錮,十:口:囗:金
鐔,十:日:曰:襾:金
鑵,十:口:金:隹:艹
闡,十:口:田:門
闢,十:口:尸:立:辛:門
霹,十:口:尸:立:辛:雨
顴,十:口:貝:隹:頁:艹
餬,十:口:月:食
驩,十:口:隹:馬:艹
鱆,十:日:田:立:音:魚:灬
鱚,十:口:士:田:豆:魚:丷:灬
鴣,十:口:鳥:灬
鵯,十:田:鳥:灬
鸛,十:口:隹:鳥:艹:灬
鹵,十:囗
鹽,十:囗:皿:臣:鹵
鮎,卜:口:田:魚
外,卜:夕
掛,卜:土:扌
砧,卜:口:石
卦,卜:土
罫,卜:土:网
寂,卜:又:宀:小
叔,卜:又:小
淑,卜:又:小:氵
上,卜
占,卜:口
帖,卜:口:巾
偵,卜:貝:亻
貞,卜:貝
禎,卜:貝:礻
店,卜:口:广
貼,卜:口:貝
点,卜:口:灬
督,卜:又:小:目
苫,卜:口:艹
粘,卜:口:米
赴,卜:土:走
朴,卜:木
仆,卜:亻
俶,卜:又:小:亻
圷,卜:土
垰,卜:土
岾,卜:口:山
幀,卜:巾:貝
拈,卜:口:扌
梺,卜:木
椒,卜:又:小:木
槭,卜:小:戈:木
沾,卜:口:氵
濾,卜:厂:心:田:氵
碵,卜:口:石:貝
站,卜:口:立
笘,卜:口:竹
粲,卜:又:夕:米
菽,卜:又:小:艹
裃,卜:衤
褂,卜:土:衤
覘,卜:口:見
訃,卜:言
迯,卜:夕:辶
遉,卜:貝:辶
閇,卜:門
霑,卜:口:雨:氵
鞐,卜:革
颪,卜:風
黏,卜:口:黍
點,卜:口:里:黒:灬
宛,卩:夕:宀
卯,卩
怨,卩:夕:心
苑,卩:夕:艹
鴛,卩:夕:鳥:灬
却,卩:厶:土
脚,卩:厶:土:月
禦,卩:彳:止:示
卿,卩:艮
仰,卩:亻
櫛,卩:木:竹:艮
迎,卩:辶
昂,卩:日
節,卩:竹:艮
即,卩:艮
叩,卩:口
服,卩:又:月
命,卩:口:个
厄,卩:厂
柳,卩:木
抑,卩:扌
領,卩:貝:頁:个
令,卩:个
嶺,卩:山:貝:頁:个
怜,卩:个:忄
玲,卩:玉:个
苓,卩:个:艹
鈴,卩:金:个
零,卩:雨:个
椀,卩:夕:宀:木
碗,卩:口:夕:宀:石
腕,卩:夕:宀:月
卮,卩:厂
夘,卩:夕
喞,卩:口:艮
婉,卩:夕:女:宀
扼,卩:厂:扌
掵,卩:口:个:扌
昴,卩:日
澪,卩:雨:个:氵
笵,卩:竹:氵
箙,卩:又:月:竹
羚,卩:玉:羊:个:丷
聊,卩:耳
聆,卩:耳:个
范,卩:氵:艹
蛉,卩:虫:个
蜿,卩:夕:宀:虫
詭,卩:厂:言
豌,卩:口:夕:宀:豆:丷
軛,卩:厂:車
鋺,卩:夕:宀:金
阨,卩:厂:阝.
餾,卩:厶:田:食
鮠,卩:厂:田:隹:魚:灬
鴒,卩:鳥:个:灬
圧,厂:土
厭,厂:日:月:犬
仮,厂:又:亻
恢,厂:火:忄
灰,厂:火
崖,厂:土:山
涯,厂:土:氵
蛎,厂:斤:虫
岸,厂:山:干
巌,厂:山:攴:耳:尚
贋,厂:貝:隹:亻
雁,厂:隹:亻
願,厂:小:白:貝:頁
原,厂:小:白
厳,厂:攴:耳:尚
源,厂:小:白:氵
厚,厂:子:日
坂,厂:又:土
阪,厂:又:阝.
辱,厂:寸:衣:辰
唇,厂:口:衣:辰
娠,厂:女:衣:辰
振,厂:衣:辰:扌
震,厂:衣:辰:雨
厨,厂:口:寸:豆:丷
糎,厂:米:里
辰,厂:衣
炭,厂:山:火
砺,厂:口:斤:石
栃,厂:斤:木
派,厂:斤:氵
反,厂:又
叛,厂:又:丷
板,厂:又:木
版,厂:又:片
班,厂:土:玉
販,厂:又:貝
飯,厂:又:食
備,厂:用:亻:艹
返,厂:又:辶
脈,厂:斤:月
厘,厂:里
暦,厂:广:日:木:麻
歴,厂:广:木:止:麻
蕨,厂:屮:欠:丷:艹
儼,厂:口:攴:耳:亻
厠,厂:貝:刂
厦,厂:夂:自
厥,厂:屮:欠:丷
啀,厂:口:土
嚴,厂:口:攴:耳
壓,厂:土:日:月:犬
壥,厂:土:里:黒:灬
宸,厂:宀:衣:辰
崕,厂:土:山
巖,厂:口:山:攴:耳
巵,厂:巴
愿,厂:小:心:白
憊,厂:心:用:亻:艹
梔,厂:木:巴
櫪,厂:木:止
殷,厂:殳
汳,厂:又:氵
瀝,厂:木:止:氵
獗,厂:屮:欠:丷:犭
甅,厂:瓦:里
癧,厂:木:止:疒
皈,厂:又:白
睚,厂:土:目
礪,厂:口:田:石:禸:艹
竰,厂:立:里
糒,厂:用:米:艹
糲,厂:田:禸:米:艹
纒,厂:土:糸:里:黒:灬
蠣,厂:田:禸:虫:艹
詼,厂:火:言
詬,厂:口:言
蹶,厂:口:屮:欠:足:丷
軅,厂:身:隹:亻
轣,厂:木:止:車
逅,厂:口:辶
鈑,厂:又:金
靂,厂:木:止:雨
靨,厂:日:犬:目:面
鞴,厂:用:革:艹
顏,厂:彡:文:貝:頁
鴈,厂:鳥:亻:灬
鳫,厂:鳥:灬
黶,厂:日:犬:里:黒:灬
挨,厶:矢:扌
握,厶:土:尸:至:扌
渥,厶:土:尸:至:氵
鯵,厶:大:彡:田:魚:灬
飴,厶:口:食
瓜,厶
屋,厶:土:尸:至
蓋,厶:土:皿:艹
拡,厶:广:扌
去,厶:土
強,厶:弓:虫
怯,厶:土:忄
広,厶:广
弘,厶:弓
鉱,厶:广:金
砿,厶:口:广:石
参,厶:彡
惨,厶:彡:忄
始,厶:口:女
私,厶:禾
至,厶:土
治,厶:口:氵
室,厶:土:宀:至
怠,厶:口:心
胎,厶:口:月
苔,厶:口:艹
台,厶:口
致,厶:土:攴:至
倒,厶:土:至:亻:刂
套,厶:大:長
到,厶:土:至:刂
蛭,厶:土:至:虫
払,厶:扌
仏,厶:亻
弁,厶:廾
法,厶:土:氵
鉾,厶:牛:金
殆,厶:口:歹
牟,厶:牛
姪,厶:土:女:至
劉,厶:金:刂
俟,厶:矢:亻
傳,厶:寸:田:亻
參,厶:彡:个
簒,厶:大:目:竹
咥,厶:口:土:至
嚠,厶:口:金:刂
垤,厶:土:至
埃,厶:土:矢
峅,厶:山:廾
幄,厶:土:尸:巾:至
怡,厶:口:忄
慘,厶:彡:个:忄
抬,厶:口:扌
昿,厶:广:日
桎,厶:土:木:至
桙,厶:木:牛
椡,厶:土:木:至:刂
榁,厶:土:宀:木:至
欸,厶:欠:矢
泓,厶:弓:氵
溘,厶:土:皿:氵
滲,厶:大:彡:氵
琺,厶:土:玉:氵
畚,厶:大:田
盍,厶:土:皿
眸,厶:牛:目
矣,厶:矢
竢,厶:矢:立
笞,厶:口:竹
絋,厶:广:糸
紿,厶:口:糸
緻,厶:土:攴:糸:至
繦,厶:弓:糸:虫
耋,厶:土:老:至
肆,厶:聿:長
腟,厶:土:宀:月:至
蔘,厶:大:彡:艹
襁,厶:弓:虫:衤
詒,厶:口:言
貽,厶:口:貝
輊,厶:土:至:車
闔,厶:土:皿:門
颱,厶:口:風
駘,厶:口:馬
驂,厶:大:彡:馬
鰺,厶:彡:田:魚:个:灬
鵄,厶:土:至:鳥:灬
鴾,厶:牛:鳥:マ:灬
鰻,又:日:田:网:魚:灬
暇,又:日
蝦,又:口:虫
霞,又:雨
怪,又:土:忄
獲,又:隹:犭:艹
穫,又:禾:隹:艹
樫,又:土:木:臣
鰹,又:土:田:臣:魚:灬
極,又:口:木
緊,又:糸:臣
桑,又:木
径,又:土:彳
経,又:土:糸
茎,又:土:艹
軽,又:土:車
頚,又:土:貝:頁
堅,又:土:臣
賢,又:臣:貝
護,又:言:隹:艹
最,又:日:耳
撮,又:日:耳:扌
燦,又:夕:火:米
餐,又:夕:食
取,又:耳
趣,又:土:耳:走
叙,又:禾:个
腎,又:月:臣
諏,又:耳:言
頗,又:皮:貝:頁
隻,又:隹
叢,又:玉:羊:耳:丷
掻,又:虫:扌
痩,又:疒
騒,又:虫:馬
竪,又:立:臣
綴,又:糸
渡,又:广:氵
鍍,又:广:金
度,又:广
奴,又:女
怒,又:女:心
畷,又:田
蚤,又:虫
波,又:皮:氵
破,又:口:皮:石
婆,又:女:皮:氵
彼,又:彳:皮
披,又:皮:扌
疲,又:疒:皮
皮,又
被,又:皮:衤
簸,又:甘:皮:竹
慢,又:日:网:忄
漫,又:日:网:氵
蔓,又:日:网:艹
雙,又:隹
曼,又:日:网
燮,又:火:言
呶,又:口:女
啜,又:口
坡,又:土:皮
娵,又:女:耳
娶,又:女:耳
孥,又:女:子
帑,又:女:巾
幔,又:巾:日:网
弩,又:女:弓
慳,又:土:臣:忄
拏,又:女:手
掫,又:耳:扌
攫,又:目:隹:扌
樶,又:日:木:耳
玻,又:玉:皮
矍,又:目:隹
碆,又:口:皮:石:氵
縵,又:日:糸:网
艘,又:支:日:舟
菠,又:皮:氵:艹
蘰,又:日:糸:网:艹
蠖,又:虫:隹:艹
謾,又:日:网:言
豎,又:口:臣:豆:丷
跛,又:口:皮:足
輙,又:耳:車
輟,又:車
錣,又:金
鏗,又:土:臣:金
鏝,又:日:网:金
钁,又:目:金:隹
陂,又:皮:阝.
陬,又:耳:阝.
鞁,又:皮:革
饅,又:日:网:食
馭,又:馬
駑,又:女:馬
驟,又:耳:衣:馬
髮,又:彡:攴:長:髟
鬘,又:彡:日:网:長:髟
姶,口:女:个
葦,口:韋:艹
或,口:戈
袷,口:个:衤
杏,口:木
偉,口:韋:亻
緯,口:糸:韋
違,口:韋:辶
遺,口:貝:辶
域,口:土:戈
咽,口:囗:大
員,口:貝
韻,口:日:立:貝:音
吋,口:寸
碓,口:石:隹
唄,口:貝
噂,口:寸:襾:丷
衛,口:彳:行:韋
園,口:囗:土:衣
猿,口:土:衣:犭
薗,口:囗:土:衣:艹
遠,口:土:衣:辶
塩,口:土:皿
回,口:囗
廻,口:囗:廴
碍,口:寸:日:石
鎧,口:山:豆:金:丷
嚇,口:土:赤
各,口:夂:攴
格,口:夂:木
確,口:宀:石:隹
閣,口:夂:門
額,口:夂:宀:貝:頁
恰,口:个:忄
噛,口:止:米:齒
侃,口:巛:亻
官,口:宀
棺,口:宀:木
漢,口:大:氵:艹
環,口:玉:网:衣
管,口:宀:竹
還,口:网:衣:辶
館,口:宀:食
舘,口:宀:干:个
含,口:个
癌,口:山:疒:品
岩,口:山:石
喜,口:士:豆:丷
器,口:大
嬉,口:士:女:豆:丷
吉,口:士
桔,口:士:木
詰,口:士:言
客,口:夂:宀
宮,口:宀
給,口:糸:个
局,口:尸
僅,口:土:亻:艹
謹,口:土:言:艹
吟,口:个
喰,口:食
轡,口:糸:車
繰,口:木:糸:品
群,口:玉:羊:丷
郡,口:.阝
啓,口:戸:攴
憩,口:心:自:舌
結,口:士:糸
喧,口:宀:日
硯,口:石:見
絹,口:月:糸
吾,口:五
悟,口:忄
梧,口:木
語,口:言
喉,口:矢:亻
閤,口:門:个
合,口:个
哉,口:土:戈
鷺,口:夂:足:鳥:灬
磁,口:幺:石:丷
蔀,口:立:艹:.阝
舎,口:土:个
捨,口:土:个:扌
樹,口:土:寸:木:豆:丷
拾,口:个:扌
輯,口:耳:車
獣,口:犬:田:尚
恕,口:女:心
哨,口:月:尚
唱,口:日
硝,口:月:石:尚
礁,口:石:隹:灬
嘱,口:尸:禸
尋,口:寸:工:彐
逗,口:豆:丷:辶
吹,口:欠
澄,口:癶:豆:丷:氵
聖,口:玉:耳
石,口
碩,口:石:貝:頁
舌,口
善,口:玉:羊:丷
繕,口:玉:糸:羊:丷
膳,口:月:玉:羊:丷
噌,口:日:田:丷
礎,口:木:疋:石
創,口:个:刂
操,口:木:扌:品
槍,口:木:个
燥,口:木:火:品
藻,口:木:氵:艹:品
促,口:足:亻
捉,口:足:扌
足,口
損,口:貝:扌
啄,口:豕
拓,口:石:扌
歎,口:大:欠:艹
短,口:矢:豆:丷
知,口:矢
智,口:日:矢
痴,口:疒:矢
蜘,口:矢:虫
喋,口:木:世
柘,口:木:石
吊,口:巾
呈,口:玉
碇,口:宀:疋:石
程,口:玉:禾
哲,口:斤:扌
甜,口:甘:舌
吐,口:土
妬,口:女:石
登,口:癶:豆:丷
砥,口:氏:石
塔,口:土:个:艹
宕,口:宀:石
搭,口:个:扌:艹
燈,口:火:癶:豆:丷
痘,口:疒:豆:丷
答,口:竹:个
糖,口:广:米
豆,口:丷
踏,口:日:水:足
鐙,口:癶:豆:金:丷
頭,口:豆:貝:頁:丷
闘,口:寸:豆:門:丷
噸,口:貝:頁:屯
如,口:女
倍,口:立:亻
培,口:土:立
賠,口:立:貝
陪,口:立:阝.
筈,口:竹:舌
蛤,口:虫:个
磐,口:殳:石:舟
逼,口:田:辶
品,口
富,口:宀:田
部,口:立:.阝
葺,口:耳:艹
蕗,口:夂:足:艹
副,口:田:刂
幅,口:巾:田
福,口:田:礻
碧,口:玉:白:石
保,口:木:亻
菩,口:立:艹
呆,口:木
剖,口:立:刂
吠,口:犬
釦,口:金
磨,口:广:木:石:麻
哩,口:里
麿,口:广:木:麻
民,口:氏
眠,口:氏:目
名,口:夕
銘,口:夕:金
鳴,口:鳥:灬
問,口:門
躍,口:彐:足:隹
唯,口:隹
揖,口:耳:扌
邑,口:巴
踊,口:用:足:マ
洛,口:夂:氵
絡,口:夂:糸
落,口:夂:氵:艹
酪,口:夂:酉
略,口:夂:田
呂,口
賂,口:夂:貝
路,口:夂:足
露,口:夂:足:雨
和,口:禾
話,口:舌:言
惑,口:心:戈
佶,口:士:亻
儔,口:士:寸:工:亻
刮,口:舌:刂
剴,口:山:豆:丷:刂
剳,口:个:刂:艹
呀,口:牙
听,口:斤
吝,口:文
呎,口:尸
呱,口:瓜
咀,口:目
咐,口:寸:亻
哇,口:土
哈,口:个
哂,口:襾
咾,口:老
哘,口:彳:行
唔,口:五
哮,口:子:老
哭,口:犬
哢,口:廾:玉
售,口:隹
啖,口:火
唸,口:心:个
唳,口:大:戸
啝,口:禾
喙,口:彐:豕
喀,口:夂:宀
咯,口:夂
喟,口:月:田
啾,口:火:禾
喩,口:月:个:刂
嗚,口:鳥:灬
嗅,口:大:自
嗄,口:夂:自
嗜,口:日:老
嗤,口:山:虫
嗷,口:土:攴:方
嗾,口:方:矢
嘛,口:广:木:麻
嗹,口:車:辶
噐,口:工
噫,口:心:日:立:音
噤,口:木:示
噪,口:木:品
嚀,口:宀:心:网
嚊,口:廾:田:自:鼻
嚶,口:女:貝
嚼,口:寸:爪:网:艮
囁,口:耳
圄,口:囗:五
國,口:囗:戈
圍,口:囗:韋
圓,口:囗:貝
圖,口:囗
圜,口:囗:网:衣
堡,口:土:木:亻
壽,口:士:寸:工
娟,口:女:月
嫦,口:女:巾:尚
寤,口:宀:爿:五
寰,口:宀:网:衣
岷,口:山:氏
峇,口:山:个
嵒,口:山:品
嶝,口:山:癶:豆:丷
幃,口:巾:韋
幗,口:囗:巾:戈
廚,口:士:寸:广:豆:丷
廱,口:巛:广:隹:巴
彭,口:土:彡:豆:丷
徊,口:囗:彳
恪,口:夂:忄
恬,口:舌:忄
悁,口:月:忄
悒,口:忄:巴
悋,口:文:忄
愍,口:心:攴:氏
慥,口:土:忄:辶
憇,口:心:甘:舌
懆,口:木:忄:品
扣,口:扌
拿,口:手:个
挌,口:夂:扌
拮,口:士:扌
捐,口:月:扌
搶,口:戸:个:扌
擱,口:夂:門:扌
擣,口:士:寸:工:扌
晤,口:日:五
檮,口:士:寸:工:木
梠,口:木
桾,口:尸:彐:木
椥,口:木:矢
楫,口:木:耳
榿,口:山:木:豆:丷
橙,口:木:癶:豆:丷
櫚,口:木:門
櫺,口:木:雨
殕,口:歹:立
殞,口:歹:貝
氓,口:氏:亡
泯,口:氏:氵
洽,口:个:氵
洳,口:女:氵
涓,口:月:氵
濤,口:士:寸:工:氵
滄,口:戸:个:氵
滬,口:戸:氵:巴
漱,口:木:欠:氵
潯,口:寸:工:彐:氵
澡,口:木:氵
烙,口:夂:火
焙,口:火:立
牾,口:牛:五
狢,口:夂:犭
狷,口:月:犭
獸,口:犬:田
獺,口:木:貝:頁:犭
珞,口:夂:玉
珸,口:玉
畧,口:夂:田
疇,口:士:寸:工:田
瘡,口:尸:疒:个
癩,口:木:疒:貝:頁
癰,口:巛:疒:隹:巴
皚,口:山:白:豆:丷
盒,口:皿:个
矼,口:工:石
砒,口:比:石
砠,口:目:石
硅,口:土:石
硼,口:月:石
碚,口:石:立
碌,口:彐:水:石:隶
碯,口:囗:巛:石
磑,口:山:石:豆:丷
磋,口:工:玉:石:羊:丷
磔,口:夕:木:石:舛
碼,口:石:馬
磊,口:石
磬,口:士:尸:殳:石
磴,口:癶:石:豆:丷
礬,口:大:木:爻:石
筥,口:竹
箚,口:竹:个:刂
篩,口:巾:竹
籌,口:士:寸:工:竹
粭,口:米:个
絮,口:女:糸
絽,口:糸
緝,口:糸:耳
緡,口:日:氏:糸
纈,口:士:糸:貝:頁
罟,口:士:网
罠,口:氏:网
羂,口:月:糸:网
聒,口:耳:舌
聟,口:矢:耳
膕,口:囗:戈:月
舍,口:舌:个
舐,口:氏:舌
艙,口:尸:舟:个
茴,口:囗:艹
茖,口:夂:艹
茹,口:女:艹
荅,口:个:艹
茗,口:夕:艹
莟,口:个:艹
荳,口:豆:丷:艹
葆,口:木:亻:艹
蕁,口:寸:工:彐:艹
蛔,口:囗:虫
蛞,口:舌:虫
蝠,口:田:虫
雖,口:虫:隹
蟶,口:玉:耳:虫
衙,口:彳:行:五
衞,口:巾:彳:行
袁,口:土:衣
褓,口:木:亻:衤
襭,口:土:貝:頁:衤
覬,口:山:見:豆:丷
諱,口:言:韋
證,口:癶:言:豆:丷
譟,口:木:言:品
谿,口:大:幺:爪:谷:个:丷
豈,口:山:豆:丷
貉,口:夂:豸
贏,口:月:貝:亡
趾,口:止:足
跖,口:石:足
跟,口:艮:足
跼,口:尸:足
踉,口:艮:足
跿,口:土:走:足
踝,口:木:田:足
踐,口:戈:足
踟,口:矢:足
蹂,口:木:矛:足:マ
踰,口:月:足:个:刂
蹊,口:大:幺:爪:足
蹉,口:工:玉:羊:足:丷
蹌,口:尸:足:个
蹈,口:爪:臼:足
蹤,口:彳:疋:足:丷
踪,口:宀:示:足
蹲,口:寸:足:酉:丷
躁,口:木:足:品
躇,口:日:老:足:艹
躊,口:士:寸:工:足
躓,口:斤:貝:足
躑,口:大:足:酉:丷:.阝
躙,口:足:門:隹
躪,口:足:門:隹:艹
躡,口:耳:足
輅,口:夂:車
輻,口:田:車
轅,口:土:彳:行:衣:車
迴,口:囗:辶
逞,口:玉:辶
郢,口:玉:.阝
扈,口:戸:.阝:巴
鄙,口:囗:.阝
酩,口:夕:酉
酲,口:玉:酉
鉐,口:石:金
銛,口:舌:金
鐶,口:网:衣:金
鐵,口:土:戈:玉:金
鐡,口:土:戈:豆:金:丷
鑄,口:士:寸:工:金
閭,口:門
閾,口:戈:門
闊,口:舌:門:氵
濶,口:舌:門:氵
隕,口:貝:阝.
鞳,口:革:个:艹
韋,口
韜,口:爪:臼:韋
頡,口:士:貝:頁
頷,口:貝:頁:个
馘,口:戈:目:自:首:丷
駱,口:夂:馬
髻,口:士:彡:長:髟
鬟,口:彡:网:衣:長:髟
鬪,口:寸:豆:鬥:丷
鮖,口:田:石:魚:灬
鴿,口:鳥:个:灬
鵑,口:月:鳥:灬
黠,口:士:里:黒:灬
皷,口:士:皮:鼓:丷
龕,口:月:立:个
龠,口:个:冊
囲,囗:井
因,囗:大
姻,囗:大:女
恩,囗:大:心
菌,囗:禾:艹
口,囗
困,囗:木
梱,囗:木
図,囗:斗
団,囗:寸
悃,囗:木:忄
惱,囗:巛:忄
椢,囗:木:玉
氤,囗:大:气
湎,囗:面:氵
溷,囗:豕:氵
烟,囗:大:火
瑙,囗:巛:玉
箘,囗:禾:竹
篦,囗:比:竹
總,囗:夂:心:糸
聰,囗:夂:心:耳
腦,囗:巛:月
臘,囗:巛:月:臼:鼠
茵,囗:大:艹
蓖,囗:比:艹
貔,囗:比:豸
鑞,囗:巛:臼:金:鼠
鬣,囗:彡:臼:長:髟:鼠
麕,囗:广:比:禾:鹿
娃,土:女
越,土:戈:走
煙,土:火:襾
牡,土:牛
佳,土:亻
街,土:彳:行
浬,土:田:里:氵
蛙,土:虫
垣,土:日
赫,土:赤
規,土:大:見
起,土:己:走
圭,土
珪,土:玉
桂,土:木
畦,土:田
墾,土:爪:艮:豸:犭
栽,土:戈:木
載,土:戈:車
鮭,土:田:魚:灬
詩,土:寸:言
侍,土:寸:亻
寺,土:寸
持,土:寸:扌
時,土:寸:日
痔,土:寸:疒
蒔,土:寸:日:艹
赦,土:攴:赤
社,土:礻
庄,土:广
粧,土:广:米
場,土:日:勿
塵,土:广:比:鹿
赤,土
繊,土:戈:糸:赤
塑,土:屮:月:丷
走,土
増,土:日:田:丷
堆,土:隹
待,土:寸:彳
達,土:玉:羊:丷:辶
坦,土:日
地,土:也
墜,土:豕:丷:阝.
坪,土:干:丷
堤,土:日:疋
堵,土:日:老
徒,土:彳:走
杜,土:木
等,土:寸:竹
特,土:寸:牛
埜,土:木
封,土:寸
陛,土:比:阝.
墓,土:大:日:艹
坊,土:方
墨,土:里:黒:灬
埋,土:里
傲,土:攴:方:亻
圸,土:山
坎,土:欠
圻,土:斤
址,土:止
坩,土:甘
垈,土:弋:亻
坿,土:寸:亻
垠,土:艮
垳,土:彳:行
埆,土:角
埒,土:寸:爪
堋,土:月
塲,土:日:勿
塢,土:鳥:灬
塰,土:毋:氵
毀,土:殳:臼
塒,土:寸:日
堽,土:止:网
塹,土:斤:車
墅,土:里:マ
墹,土:日:門
墫,土:寸:酉:丷
墸,土:日:老:艹
墮,土:工:月:阝.
壗,土:彐:皿:聿:灬
壘,土:田
壟,土:月:立
壻,土:月:疋
奎,土:大
峙,土:寸:山
幇,土:寸:巾
恚,土:心
恃,土:寸:忄
懴,土:戈:韭:忄
截,土:戈:隹
挂,土:扌
捏,土:日:扌
敖,土:攴:方
殱,土:戈:歹:韭
汢,土:氵
涅,土:日:氵
湮,土:襾:氵
熬,土:攴:方:灬
甄,土:瓦:襾
畤,土:寸:田
疆,土:弓:田
籖,土:戈:竹:韭
纎,土:戈:糸:韭
肚,土:月
螯,土:攴:方:虫
螫,土:攴:虫:赤
袿,土:衤
覲,土:見:艹
贅,土:攴:方:貝
賍,土:广:貝
赭,土:日:老:赤
赱,土:走
趁,土:彡:走:个
趙,土:月:走:尚
遨,土:攴:方:辶
閨,土:門
鞋,土:革
韃,土:玉:羊:革:丷:辶
鰲,土:攴:方:田:魚:灬
鼇,土:攴:方:黽
荏,士:亻:艹
款,士:欠:示
仕,士:亻
志,士:心
誌,士:心:言
実,士:大:宀
声,士:尸
壮,士:爿
荘,士:爿:艹
装,士:爿:衣
廷,士:廴:玉
俵,士:衣:亻
表,士:衣
壯,士:爿
奘,士:大:爿
弉,士:廾:爿
痣,士:心:疒
聲,士:尸:殳:耳
莊,士:爿:艹
衽,士:玉:衤
裝,士:爿:衣
謦,士:尸:殳:言
賣,士:网:貝
榎,夂:木:目:自
夏,夂:自
緩,夂:爪:糸
徽,夂:山:彳:糸
後,夂:幺:彳
終,夂:糸
条,夂:攴:木
数,夂:女:攴:米
麦,夂
髪,夂:彡:長:髟
復,夂:彳:日
腹,夂:日:月
複,夂:日:衤
覆,夂:彳:日:襾
麺,夂:面:麥
薮,夂:女:攴:米:艹
履,夂:尸:彳:日
隆,夂:生:阝.
夊,夂
嶐,夂:山:生:阝.
廈,夂:广:自
徼,夂:彳:方:白
愎,夂:日:忄
倏,夂:攴:犬:亻
篷,夂:竹:辶
絛,夂:攴:糸:亻
蝮,夂:日:虫
輹,夂:日:車
馥,夂:日:禾:香
鰒,夂:日:田:魚:灬
麥,夂
麪,夂:止:疋:麥
移,夕:禾
傑,夕:木:舛:亻
拶,夕:巛:扌
汐,夕:氵
舛,夕
然,夕:犬:灬
多,夕
撚,夕:犬:扌:灬
燃,夕:火:犬:灬
桝,夕:木:舛
燐,夕:火:米:舛
隣,夕:米:舛:阝.
鱗,夕:田:米:舛:魚:灬
麟,夕:广:比:米:舛:鹿
憐,夕:米:舛:忄
侈,夕:亻
夛,夕:彐
梦,夕:木
夥,夕:木:田
奬,夕:大:寸:爿
將,夕:寸:爿
桀,夕:木:舛
漿,夕:寸:水:爿
獎,夕:寸:爿:犬
鄰,夕:米:舛:.阝
鏘,夕:寸:爿:金
庵,大:广:田
倦,大:己:亻
拳,大:手:丷
捲,大:己:丷:扌
蚕,大:虫
臭,大:自
奨,大:寸:爪:爿
笑,大:禾:竹
尖,大:小
遷,大:己:襾:辶
送,大:丷:辶
奪,大:寸:隹
鄭,大:酉:丷:.阝
天,大
奈,大:示
捺,大:示:扌
漠,大:日:氵:艹
莫,大:日:艹
美,大:玉:羊:丷
奮,大:田:隹
慕,大:心:日:艹
暮,大:日:艹
幕,大:巾:日:艹
膜,大:日:月:艹
摸,大:日:扌:艹
模,大:日:木:艹
戻,大:戸
涙,大:戸:氵
類,大:米:貝:頁
僊,大:己:襾:亻
奚,大:幺:爪
奢,大:日:老
奠,大:酉:丷
寞,大:宀:日:艹
捩,大:戸:扌
擲,大:酉:丷:扌:.阝
昊,大:日
溪,大:幺:爪:氵
濮,大:玉:羊:亻:丷:氵
獏,大:日:犭:艹
瓠,大:瓜
糢,大:日:米:艹
綟,大:戸:糸
羃,大:巾:日:网:艹
羹,大:玉:羊:丷:灬
莽,大:廾:艹
蟇,大:日:虫:艹
蟆,大:日:虫:艹
蟒,大:廾:虫:艹
謨,大:日:言:艹
貘,大:日:豸:艹
躾,大:玉:羊:身:丷
驀,大:日:馬:艹
鴦,大:鳥:灬
鷄,大:幺:爪:鳥:灬
姐,女:目
安,女:宀
按,女:宀:扌
案,女:宀:木
鞍,女:宀:革
委,女:禾
萎,女:禾:艹
嬰,女:貝
宴,女:宀:日
嫁,女:宀:豕
姦,女
好,女:子
腰,女:月:襾
婚,女:日:氏
桜,女:木:尚
嫉,女:疒:矢
屡,女:尸:米
妾,女:立
娼,女:日
姓,女:生
接,女:立:扌
妥,女:爪
嬬,女:而:雨
汝,女:氵
媒,女:木:甘
妃,女:己
姫,女:臣
妨,女:方
婿,女:月:疋
娘,女:艮
要,女:襾
楼,女:木:米
倭,女:禾:亻
奸,女:干
妝,女:爿
侫,女:亻:亡
妣,女:比
妲,女:日
姆,女:毋
姜,女:玉:羊:丷
婪,女:木
媼,女:日:皿
媽,女:馬
嫣,女:止:鳥:灬
嫖,女:示:襾
嫺,女:日:門
嫻,女:木:門
嬶,女:廾:田:目:自:鼻
孀,女:木:目:雨
妛,女:山
悽,女:彐:忄
晏,女:宀:日
椄,女:木:立
櫻,女:木:貝
瓔,女:玉:貝
珱,女:玉:尚
痿,女:疒:禾
矮,女:矢:禾
籔,女:攴:竹:米
綏,女:爪:糸
纓,女:糸:貝
逶,女:禾:辶
霎,女:立:雨
餒,女:爪:食
鮟,女:宀:田:魚:灬
鸚,女:貝:鳥:灬
季,子:禾
教,子:攴:老
孤,子:瓜
菰,子:瓜:艹
孝,子:老
酵,子:老:酉
仔,子:亻
孜,子:攴
字,子:宀
浮,子:爪:氵
孟,子:皿
猛,子:皿:犭
遊,子:方:辶
李,子:木
俘,子:爪:亻
孕,子:乃
孚,子:爪
孳,子:幺:丷
斈,子:文
孱,子:尸
悸,子:禾:忄
桴,子:木:爪
殍,子:歹:爪
游,子:方:氵
潺,子:尸:氵
艀,子:爪:舟
蜉,子:爪:虫
蝣,子:方:虫
郛,子:爪:.阝
家,宀:豕
稼,宀:禾:豕
萱,宀:日:艹
寛,宀:見:艹
宜,宀:目
誼,宀:目:言
守,宀:寸
狩,宀:寸:犭
宗,宀:示
宿,宀:白:亻
縮,宀:白:糸:亻
宵,宀:月:尚
錠,宀:疋:金
審,宀:田:米:釆
崇,宀:山:示
宣,宀:日
宋,宀:木
綜,宀:示:糸
綻,宀:疋:糸
寵,宀:月:立
鶴,宀:隹:鳥:灬
定,宀:疋
淀,宀:疋:氵
寮,宀:小:日:个:丷
牢,宀:牛
宦,宀:臣
寉,宀:隹
寔,宀:日:疋
實,宀:田:貝
寳,宀:小:玉:貝
掟,宀:疋:扌
棕,宀:木:示
淙,宀:示:氵
瀋,宀:田:米:釆:氵
疉,宀:彐:田
粽,宀:示:米
糘,宀:米:豕
聢,宀:疋:耳
萓,宀:目:艹
蓿,宀:白:亻:艹
諚,宀:疋:言
鏥,宀:白:金:个:亻
尉,寸:尸:示
慰,寸:尸:心:示
欝,寸:木:网:艮
蔚,寸:尸:示:艹
射,寸:身
謝,寸:言:身
爵,寸:爪:网:艮
遵,寸:酉:丷:辶
将,寸:爪:爿
蒋,寸:爪:爿:艹
醤,寸:爪:爿:酉
尊,寸:酉:丷
村,寸:木
対,寸:文
耐,寸:而
樽,寸:木:酉:丷
酎,寸:酉
討,寸:言
導,寸:自:丷:辶
得,寸:彳:日
肘,寸:月
付,寸:亻
府,寸:广:亻
符,寸:竹:亻
腐,寸:广:肉:亻
附,寸:亻:阝.
鮒,寸:田:魚:亻:灬
鱒,寸:田:酉:魚:丷:灬
俯,寸:广:亻
對,寸:玉:羊:丷
忖,寸:忄
拊,寸:亻:扌
柎,寸:木:亻
椨,寸:广:木:亻
溽,寸:辰:氵
熨,寸:尸:火:示
紂,寸:糸
縟,寸:糸:辰
罸,寸:网:言
腑,寸:广:月:亻
苻,寸:亻:艹
蓐,寸:辰:艹
蓴,寸:日:虫:艹
褥,寸:辰:衤
麝,寸:广:比:身:鹿
隙,小:日:阝.
県,小:目
糸,小:幺
穆,小:彡:白:禾
僚,小:日:亻
療,小:日:疒:个:丷
瞭,小:日:目:个:丷
遼,小:日:个:丷:辶
敍,小:干:攴:个
敘,小:干:攴:个
珎,小:玉
畭,小:工:田:个
齋,小:齊:元
耽,尢:耳
沈,尢:氵
眈,尢:目
酖,尢:酉
鴆,尢:鳥:灬
駅,尸:馬
梶,尸:木:毛
屑,尸:月:尚
刷,尸:巾:刂
尻,尸:九
層,尸:日:田:丷
択,尸:扌
沢,尸:氵
遅,尸:玉:羊:丷:辶
屠,尸:日:老
尿,尸:水
尾,尸:毛
侭,尸:亻
漏,尸:雨:氵
屁,尸:比
屎,尸:米
屓,尸:貝
爲,尸:爪:灬
穉,尸:牛:禾
遲,尸:水:牛:辶
鈬,尸:金
逆,屮:丷:辶
朔,屮:月:丷
遡,屮:月:丷:辶
愬,屮:心:月:丷
槊,屮:月:木:丷
溯,屮:月:丷:氵
艸,屮
蚩,屮:山:虫
闕,屮:欠:門:丷
岳,山:斤
催,山:隹:亻
瑞,山:玉:而
仙,山:亻
岱,山:弋:亻
辿,山:辶
端,山:立:而
徴,山:彳:攴:玉
懲,山:彳:心:攴:玉
島,山:白:鳥
嶋,山:鳥:灬
微,山:彳:攴
崩,山:月
嵐,山:風
岌,山:及
岑,山:个
岻,山:氏
岶,山:白
峭,山:月:尚
嶌,山:鳥:灬
崟,山:金
崑,山:日:比
崔,山:隹
嵌,山:欠:甘
嵎,山:田:禸
嵳,山:工:玉:羊:丷
嶄,山:斤:車
嶽,山:犬:言
巒,山:糸:言
惴,山:而:忄
揣,山:而:扌
搗,山:鳥:扌
摧,山:隹:扌
杣,山:木
槝,山:木:鳥
汕,山:氵
湍,山:而:氵
澂,山:攴:玉:氵
猯,山:而:犭
疝,山:疒
繃,山:月:糸
閊,山:門
黴,山:彳:攴:里:黒:灬
釧,巛:金
訓,巛:言
荒,巛:艹:亡
災,巛:火
巡,巛:辶
順,巛:貝:頁
馴,巛:馬:鳥:灬
剄,巛:工:刂
徑,巛:工:彳
痙,巛:工:疒
經,巛:工:糸
緇,巛:田:糸
脛,巛:工:月
莖,巛:工:艹
輕,巛:工:車
輜,巛:田:車
逕,巛:工:辶
錙,巛:田:金
頸,巛:工:貝:頁
鯔,巛:田:魚:灬
攻,工:攴
江,工:氵
紅,工:糸
貢,工:貝
項,工:貝:頁
鴻,工:鳥:氵:灬
試,工:弋:言
式,工:弋
拭,工:弋:扌
虹,工:虫
杢,工:木
弑,工:弋:木
扛,工:扌
搓,工:玉:羊:丷:扌
杠,工:木
椌,工:木:穴
槓,工:木:貝
汞,工:水
熕,工:火:貝
穩,工:彐:心:爪:禾
縒,工:玉:糸:羊:丷
肛,工:月
訌,工:言
軾,工:弋:戈:車
隱,工:彐:心:爪:阝.
改,己:攴
忌,己:心
紀,己:糸
記,己:言
配,己:酉
杞,己:木
爬,己:爪:巴
祀,己:礻
錦,巾:白:金
製,巾:牛:衣:刂
席,巾:广
帳,巾:長
幡,巾:田:米:釆
帽,巾:日:目
棉,巾:木:白
綿,巾:白:糸
帋,巾:氏
帛,巾:白
帷,巾:隹
幟,巾:戈:日:立:音
幢,巾:立:里
芋,干:艹
刊,干:刂
汗,干:氵
竿,干:竹
肝,干:月
軒,干:車
秤,干:禾:丷
平,干:丷
幵,干
怦,干:丷:忄
悍,干:日:忄
扞,干:扌
捍,干:日:扌
旱,干:日
杆,干:木
栞,干:木
桿,干:日:木
泙,干:丷:氵
湃,干:扌:氵
滸,干:言:氵
稈,干:日:禾
苹,干:丷:艹
萍,干:丷:氵:艹
訐,干:言
鑿,干:殳:臼:金:丷
駻,干:日:馬
鮃,干:田:魚:丷:灬
鼾,干:廾:田:目:自:鼻
畿,幺:戈:田
郷,幺:艮:.阝
響,幺:日:立:艮:音:.阝
饗,幺:艮:食:.阝
幻,幺
慈,幺:心:丷
滋,幺:丷:氵
聯,幺:耳
麼,幺:广:木:麻
樂,幺:木:白
櫟,幺:木:白
濕,幺:日:氵:灬
聨,幺:廾:耳
茲,幺:艹
藥,幺:木:白:艹
酳,幺:月:酉
關,幺:門
隰,幺:日:阝.:灬
顯,幺:日:貝:頁:灬
応,广:心
庫,广:車
康,广:彐:水:隶
糠,广:彐:水:米:隶
漉,广:比:鹿:氵
鹿,广:比
遮,广:辶:灬
庶,广:灬
床,广:木
薦,广:艹:灬
鷹,广:隹:鳥:亻:灬
底,广:氏
庭,广:廴:玉
庇,广:比
摩,广:手:木:麻
麻,广:木
傭,广:彐:用:亻
庸,广:彐:用:聿
廊,广:艮:.阝
麓,广:木:比:鹿
庠,广:玉:羊:丷
廁,广:貝:刂
廂,广:木:目
廐,广:无:艮
廏,广:殳:艮
廢,广:弓:殳:癶
慷,广:彐:水:隶:忄
應,广:心:隹:亻
麾,广:木:毛:麻
糜,广:木:米:麻
縻,广:木:糸:麻
膺,广:月:隹:亻
軈,广:心:身:隹:亻
轆,广:比:車:鹿
鏖,广:比:金:鹿
鱇,广:彐:水:田:隶:魚:灬
麋,广:比:米:鹿
靡,广:木:非:麻
延,廴:止
健,廴:聿:亻
建,廴:聿
鍵,廴:聿:金
挺,廴:玉:扌
艇,廴:玉:舟
廼,廴:襾
梃,廴:木:玉
腱,廴:月:聿
霆,廴:玉:雨
戒,廾:戈
械,廾:戈:木
開,廾:門
算,廾:目:竹
鼻,廾:田:自
弄,廾:玉
彝,廾:彐:米:糸:彑
枅,廾:木
舁,廾:臼
誡,廾:戈:言
袋,弋:衣:亻
貸,弋:貝:亻
黛,弋:里:黒:亻:灬
代,弋:亻
鳶,弋:鳥:灬
斌,弋:文:止
賦,弋:止:貝
武,弋:止
鵡,弋:戈:止:鳥:灬
弌,弋
曵,弋:曰
杙,弋:木
玳,弋:玉:亻
貮,弋:貝
粥,弓:米
彊,弓:田
弧,弓:瓜
第,弓:竹
弛,弓:也
張,弓:長
丐,弓:止:疋
弖,弓
弭,弓:耳
弸,弓:月
彎,弓:糸:言
漲,弓:長:氵
灣,弓:糸:言:氵
發,弓:殳:癶
躬,弓:身
縁,彐:糸:豕
穏,彐:心:爪:禾
互,彐:彑
捷,彐:疋:扌
雪,彐:雨
逮,彐:水:隶:辶
濯,彐:隹:氵
鱈,彐:田:雨:魚:灬
擢,彐:隹:扌
当,彐:尚
剥,彐:水:刂
曜,彐:日:隹
緑,彐:水:糸:隶
禄,彐:水:隶:礻
録,彐:水:金:隶
儘,彐:皿:亻:灬
彑,彐
戳,彐:戈:隹
掾,彐:豕:扌
档,彐:木:尚
棣,彐:木:水:隶
椽,彐:木:豕
櫂,彐:木:隹
櫞,彐:木:糸:豕
沍,彐:彑:氵
燿,彐:火:隹
盡,彐:皿:聿
肅,彐:爿:片:聿
膤,彐:月:雨
艝,彐:舟:雨
轌,彐:車:雨
隶,彐:水
彩,彡:木:爪
疹,彡:疒:个
診,彡:言:个
須,彡:貝:頁
杉,彡:木
珍,彡:玉:个
彬,彡:木
殄,彡:歹:个
畛,彡:田:个
蓚,彡:攴:亻:艹
衫,彡:衤
袗,彡:个:衤
軫,彡:車:个
餮,彡:歹:食:个
髟,彡:長
髣,彡:方:長:髟
髦,彡:毛:長:髟
鬚,彡:貝:長:頁:髟
桁,彳:木:行
行,彳
従,彳:疋:丷
縦,彳:疋:糸:丷
徐,彳:禾:个
征,彳:止
役,彳:殳
律,彳:聿
葎,彳:聿:艹
彷,彳:方
徃,彳:生
徂,彳:目
很,彳:艮
徙,彳:止:疋
徘,彳:非
徨,彳:玉:白
愆,彳:心:行:氵
慫,彳:心:疋:丷
樅,彳:木:疋:丷
衍,彳:行:氵
絎,彳:糸:行
聳,彳:疋:耳:丷
衢,彳:目:行:隹
裄,彳:行:衤
銜,彳:行:金
鵆,彳:行:鳥:灬
意,心:日:立:音
億,心:日:立:音:亻
憶,心:日:立:音:忄
臆,心:日:月:立:音
恵,心:田
惚,心:忄:勿
懇,心:爪:艮:豸:犭
思,心:田
偲,心:田:亻
蕊,心:艹
愁,心:火:禾
芯,心:艹
惣,心:牛:勿
想,心:木:目
息,心:自
恥,心:耳
悲,心:非
稔,心:禾:个
悶,心:門
愈,心:月:个:刂
癒,心:月:疒:个:刂
恷,心:木:亻
恙,心:玉:羊:丷
慇,心:日:殳
慂,心:用:マ:氵
慙,心:斤:車
懋,心:木:矛:マ
戀,心:糸:言
棯,心:木:个
檍,心:日:木:立:音
沁,心:氵
熄,心:火:自
穗,心:日:禾:虫
腮,心:月:田
蘂,心:木:艹
蟋,心:米:虫:釆
顋,心:田:貝:頁
鯰,心:田:魚:个:灬
鰓,心:田:魚:灬
識,戈:日:立:言:音
戎,戈
織,戈:日:立:糸:音
職,戈:日:立:耳:音
伐,戈:亻
筏,戈:竹:亻
閥,戈:門:亻
戉,戈
戔,戈
戛,戈:白:自
找,戈:扌
棧,戈:木
殘,戈:歹
淺,戈:氵
濺,戈:貝:氵
熾,戈:日:火:立:音
牋,戈:片
犧,戈:牛:玉:禾:羊:丷
盞,戈:皿
箋,戈:竹
綫,戈:糸
羲,戈:玉:禾:羊:丷
戝,戈:貝
賤,戈:貝
贇,戈:文:止:貝
錢,戈:金
錻,戈:止:金
餞,戈:食
芦,戸:艹
肩,戸:月
雇,戸:隹
顧,戸:貝:隹:頁
所,戸:斤
肇,戸:攴:聿
扉,戸:非
房,戸:方
炉,戸:火
枦,戸:木
粐,戸:米
綮,戸:攴:糸
舮,戸:舟
鈩,戸:金
撃,手:殳:車
攣,手:糸:言
襷,手:丷:尚:衤
敢,攴:耳
激,攴:方:白:氵
政,攴:止
敗,攴:貝
繁,攴:毋:糸
敏,攴:毋
倣,攴:方:亻
放,攴:方
牧,攴:牛
枚,攴:木
夂,攴
攷,攴
畋,攴:田
變,攴:糸:言
條,攴:木:亻
橄,攴:木:耳
檄,攴:方:木:白
滌,攴:木:亻:氵
瞰,攴:目:耳
脩,攴:月:亻
覈,攴:方:白:襾
邀,攴:方:白:辶
鶩,攴:矛:鳥:灬
蚊,文:虫
斑,文:玉
斐,文:非
紋,文:糸
憫,文:門:忄
旻,文:日
紊,文:糸
閔,文:門
馼,文:馬
科,斗:禾
斜,斗:禾:个
料,斗:米
抖,斗:扌
斛,斗:角
槲,斗:木:角
萪,斗:禾:艹
蚪,斗:虫
蝌,斗:禾:虫
祈,斤:礻
丘,斤
欣,斤:欠
芹,斤:艹
近,斤:辶
駈,斤:馬
斬,斤:車
暫,斤:日:車
質,斤:貝
誓,斤:言:扌
逝,斤:扌:辶
析,斤:木
折,斤:扌
漸,斤:車:氵
斧,斤:父
忻,斤:忄
慚,斤:車:忄
掀,斤:欠:扌
晢,斤:日:扌
晰,斤:日:木
槧,斤:木:車
沂,斤:氵
浙,斤:扌:氵
淅,斤:木:氵
皙,斤:木:白
蚯,斤:虫
蜥,斤:木:虫
邱,斤:.阝
釿,斤:金
鏨,斤:車:金
於,方:个
旋,方:疋
族,方:矢
芳,方:艹
訪,方:言
紡,方:糸
肪,方:月
防,方:阝.
旄,方:毛
旌,方:生
旛,方:田:米:釆
旙,方:田:米:釆
枋,方:木
楞,方:木:网
簇,方:矢:竹
膂,方:月:衣
舫,方:舟
蔟,方:矢:艹
錺,方:金:艹
鏃,方:矢:金
餝,方:食:艹
魴,方:田:魚:灬
曁,无:日:艮
漑,无:艮:氵
潛,无:日:氵
簪,无:日:竹
蠶,无:日:虫
譖,无:日:言
旭,日:九
暗,日:立:音
闇,日:立:門:音
旺,日:玉
温,日:皿:氵
音,日:立
晦,日:毋
柑,日:木:甘
桓,日:木
澗,日:門:氵
簡,日:竹:門
間,日:門
沓,日:水
顕,日:貝:頁
恒,日:忄
香,日:禾
甑,日:瓦:田:丷
昏,日:氏
昆,日:比
混,日:比:氵
晒,日:襾
賜,日:貝:勿
煮,日:老:灬
者,日:老
借,日:亻
錫,日:金:勿
暑,日:老
曙,日:网:老
渚,日:老:氵
緒,日:糸:老
署,日:网:老
書,日:聿
薯,日:网:老:艹
藷,日:老:言:艹
諸,日:老:言
昌,日
晶,日
菖,日:艹
晋,日
椙,日:木
是,日:疋
星,日:生
醒,日:生:酉
曽,日:田:丷
僧,日:田:亻:丷
憎,日:田:丷:忄
贈,日:田:貝:丷
醍,日:疋:酉
題,日:疋:貝:頁
但,日:亻
担,日:扌
旦,日
胆,日:月
瀦,日:老:豕:氵
猪,日:老:犭
著,日:老:艹
腸,日:月:勿
提,日:疋:扌
賭,日:老:貝
都,日:老:.阝
箸,日:竹:老
鰭,日:田:老:魚:灬
萌,日:月:艹
冒,日:目
明,日:月
盟,日:月:皿
儲,日:老:言:亻
揚,日:扌:勿
楊,日:木:勿
陽,日:阝.:勿
糧,日:米:里
量,日:里
魯,日:田:魚:灬
櫓,日:木:田:魚:灬
倡,日:亻
會,日:网:个
偖,日:老:亻
剔,日:刂:勿
怛,日:忄
慍,日:皿:忄
惺,日:生:忄
杲,日:木
杳,日:木
晝,日:聿
晨,日:辰
暃,日:非
暹,日:隹:辶
檜,日:木:网:个
棍,日:木:比
棔,日:木:氏
楮,日:木:老
榲,日:木:皿
橸,日:木
汨,日:氵
潴,日:老:氵:犭
焜,日:比:火
燗,日:火:門
猖,日:犭
猩,日:生:犭
獪,日:网:个:犭
甦,日:生
疸,日:疒
瘟,日:疒:皿
癇,日:疒:門
睹,日:目:老
箟,日:比:竹
繝,日:糸:門
繪,日:糸:网:个
耆,日:老
耒,日:木
腥,日:月:生
膃,日:月:皿
膾,日:月:网:个
艪,日:田:舟:魚:灬
菎,日:比:艹
蓍,日:老:艹
薀,日:皿:氵:艹
薈,日:网:个:艹
蘊,日:皿:糸:艹
衵,日:衤
袒,日:衤
褞,日:皿:衤
襴,日:木:門:衤
覩,日:老:見
諳,日:立:言:音
豬,日:老:豕
闍,日:老:門
靼,日:革
鞜,日:水:革
饂,日:皿:食
鯤,日:比:田:魚:灬
鰛,日:田:皿:魚:灬
鱠,日:田:网:魚:个:灬
黯,日:立:里:音:黒:灬
胃,月:田
謂,月:田:言
股,月:殳
肯,月:止
削,月:刂:尚
襲,月:立:衣
梢,月:木:尚
消,月:尚:氵
肖,月:尚
鞘,月:革:尚
煎,月:丷:刂:灬
箭,月:竹:丷:刂
腺,月:水:白
前,月:丷:刂
揃,月:丷:刂:扌
腿,月:艮:辶
瀧,月:立:氵
蛸,月:虫:尚
棚,月:木
脹,月:長
騰,月:馬:丷
豚,月:豕
覇,月:襾:革
肥,月:巴
膝,月:木:水:个
朋,月
鵬,月:鳥:灬
望,月:玉:亡
愉,月:个:刂:忄
諭,月:言:个:刂
輸,月:車:个:刂
龍,月:立
朗,月:艮
聾,月:立:耳
偸,月:个:亻:刂
悄,月:尚:忄
揄,月:个:刂:扌
擶,月:竹:丷:刂:扌
朖,月:艮
朧,月:立
霸,月:雨:革
楡,月:木:个:刂
渭,月:田:氵
渝,月:个:刂:氵
潸,月:木:氵
瑜,月:玉:个:刂
瓏,月:玉:立
瘉,月:疒:个:刂
瘠,月:疒:癶:个
稍,月:禾:尚
籠,月:立:竹
胥,月:疋
胝,月:氏
脣,月:辰
腓,月:非
膰,月:田:米:釆
臍,月:齊
臑,月:而:雨
萠,月:艹
蘢,月:立:艹
蝟,月:田:虫
蝓,月:虫:个:刂
覦,月:見:个:刂
誚,月:言:尚
逍,月:尚:辶
逾,月:个:刂:辶
遯,月:豕:辶
銷,月:金:尚
鍮,月:金:个:刂
隴,月:立:阝.
霄,月:雨:尚
鮹,月:田:魚:尚:灬
桶,木:用:マ
菓,木:田:艹
課,木:田:言
概,木:牙:艮
橿,木:田
株,木:牛
栢,木:白
閑,木:門
休,木:亻
禁,木:示
襟,木:示:衤
栗,木:襾
権,木:矢:隹
根,木:艮
査,木:目
採,木:爪:扌
采,木:爪
菜,木:爪:艹
雑,木:隹:九
漆,木:水:个:氵
集,木:隹
柔,木:矛:マ
樵,木:隹:灬
湘,木:目:氵
森,木
栖,木:襾
栓,木:玉:个
染,木:九:氵
楚,木:疋
巣,木:田:尚
相,木:目
霜,木:目:雨
体,木:亻
茶,木:个:艹
牒,木:片:世
蝶,木:虫:世
諜,木:言:世
椎,木:隹
栂,木:毋
椴,木:殳
楢,木:酉:丷
杷,木:巴
梅,木:毋
楳,木:甘
煤,木:火:甘
柏,木:白
箱,木:目:竹
鉢,木:金
樋,木:用:マ:辶
枇,木:比
標,木:示:襾
焚,木:火
某,木:甘
謀,木:甘:言
本,木
柾,木:止
様,木:水:玉:羊:丷
葉,木:艹:世
裸,木:田:衤
梨,木:禾:刂
林,木
淋,木:氵
琳,木:玉
榔,木:艮:.阝
刹,木:刂
剿,木:田:刂:尚
慄,木:襾:忄
揉,木:矛:マ:扌
枉,木:玉
杰,木:灬
柤,木:目
柢,木:氏
柆,木:立
柧,木:瓜
桷,木:角
梟,木:鳥
椚,木:門
楷,木:比:白
楸,木:火:禾
楾,木:水:白
楙,木:矛
椰,木:耳:.阝
楪,木:世
槃,木:殳:舟
樮,木:火:襾
槞,木:立:竜
樔,木:田:尚
樊,木
樌,木:田:貝
橇,木:毛
橦,木:立:里
樢,木:鳥:灬
櫑,木:田
欅,木:丷:尚:扌
欒,木:糸:言
沐,木:氵
渣,木:目:氵
渫,木:氵:世
烋,木:亻:灬
牀,木:爿
痳,木:疒
篥,木:竹:襾
糅,木:矛:米:マ
綵,木:爪:糸
緤,木:糸:世
罧,木:网
菻,木:艹
襯,木:立:見:衤
貅,木:豸:亻
醂,木:酉
襍,木:隹:衤
霖,木:雨
鮴,木:田:魚:亻:灬
鰈,木:田:魚:灬:世
飲,欠:食
歓,欠:矢:隹
欽,欠:金
炊,欠:火
羨,欠:玉:羊:丷:氵
軟,欠:車
盜,欠:皿:氵
篏,欠:甘:竹
企,止:个
祉,止:礻
症,止:疒
証,止:言
鉦,止:金
正,止
沚,止:氵
澁,止:氵
焉,止:灬
篶,止:竹:鳥:灬
耻,止:耳
蕋,止:艹
阯,止:阝.
例,歹:亻:刂
列,歹:刂
烈,歹:刂:灬
裂,歹:衣:刂
洌,歹:刂:氵
薤,歹:韭:艹
疫,殳:疒
繋,殳:糸:車
設,殳:言
鍛,殳:金
投,殳:扌
搬,殳:舟:扌
般,殳:舟
盤,殳:皿:舟
没,殳:氵
燬,殳:火:玉:臼
瘢,殳:疒:舟
芟,殳:艹
酘,殳:酉
悔,毋:忄
海,毋:氵
慣,毋:貝:忄
貫,毋:貝
侮,毋:亻
毎,毋
拇,毋:扌
苺,毋:艹
莓,毋:艹
袰,毋:衣
誨,毋:言
皆,比:白
階,比:白:阝.
批,比:扌
毘,比:田
琵,比:玉
偕,比:白:亻
揩,比:白:扌
秕,比:禾
粃,比:米
紕,比:糸
諧,比:白:言
豼,比:豸
粍,毛:米
毳,毛
毯,毛:火
瓱,毛:瓦
竓,毛:立
耄,毛:老
祇,氏:礻
紙,氏:糸
低,氏:亻
抵,氏:扌
邸,氏:.阝
牴,氏:牛
祗,氏:礻
羝,氏:玉:羊:丷
觝,氏:角
詆,氏:言
鴟,氏:鳥:灬
汽,气:氵
愾,气:米:忄
氣,气:米
黍,水:禾
泉,水:白
線,水:白:糸
拯,水:扌
湶,水:白:氵
盥,水:皿:臼
祿,水:隶:彑:礻
閖,水:門
炎,火
荻,火:犭:艹
鰍,火:田:禾:魚:灬
灸,火:久
鍬,火:禾:金
秋,火:禾
淡,火:氵
談,火:言
萩,火:禾:艹
畑,火:田
煩,火:貝:頁
愀,火:禾:忄
湫,火:禾:氵
煌,火:玉:白
燔,火:田:米:釆
燧,火:豕:丷:辶
燹,火:豕
狄,火:犭
甃,火:瓦:禾
痰,火:疒
耿,火:耳
逖,火:犭:辶
鞦,火:禾:革
餤,火:食
僞,爪:亻:灬
抓,爪:扌
滔,爪:臼:氵
稻,爪:禾:臼
笊,爪:竹
覓,爪:見
霪,爪:玉:雨:氵
爺,父:耳:.阝
駁,爻:馬
爼,爻:目
状,爿:犬
芽,牙:艹
雅,牙:隹
慨,牙:艮:忄
既,牙:艮
邪,牙:.阝
訝,牙:言
鴉,牙:鳥:灬
件,牛:亻
牲,牛:生
犁,牛:禾:刂
犇,牛
獄,犬:言:犭
伏,犬:亻
黙,犬:里:黒:灬
默,犬:里:黒:灬
茯,犬:亻:艹
袱,犬:亻:衤
闃,犬:目:門
飆,犬:風
閏,玉:門
狂,玉:犭
琴,玉:个
玖,玉:久
現,玉:見
皇,玉:白
潤,玉:門:氵
祥,玉:羊:丷:礻
詳,玉:羊:言:丷
詮,玉:言:个
鮮,玉:田:羊:魚:丷:灬
琢,玉:豕
賃,玉:貝:亻
琶,玉:巴
僕,玉:羊:亻:丷
洋,玉:羊:丷:氵
羊,玉:丷
養,玉:羊:食:丷
理,玉:里
佯,玉:羊:亻:丷
惶,玉:白:忄
抂,玉:扌
汪,玉:氵
湟,玉:白:氵
瀁,玉:羊:食:丷:氵
珀,玉:白
珥,玉:耳
琅,玉:艮
瑯,玉:艮:.阝
琲,玉:非
瑣,玉:貝:尚
瑪,玉:馬
痊,玉:疒:个
痒,玉:疒:羊:丷
癢,玉:疒:羊:食:丷
癬,玉:疒:羊:魚:丷
盖,玉:皿:羊:丷
筌,玉:竹:个
篁,玉:白:竹
羔,玉:羊:丷:灬
譱,玉:羊:言:丷
蘚,玉:田:羊:魚:丷:艹:灬
蝗,玉:白:虫
袵,玉:亻:衤
觧,玉:羊:角:丷
誑,玉:言:犭
遑,玉:白:辶
銓,玉:金:个
鍠,玉:白:金
閠,玉:門
隍,玉:白:阝.
鰉,玉:田:白:魚:灬
鱶,玉:田:羊:艮:食:魚:丷:灬
狐,瓜:犭
瓢,瓜:示:襾
觚,瓜:角
瓶,瓦:丷
瓲,瓦:屯
瓸,瓦:白
紺,甘:糸
拑,甘:扌
疳,甘:疒
箝,甘:竹:扌
蚶,甘:虫
邯,甘:.阝
酣,甘:酉
鉗,甘:金
性,生:忄
笙,生:竹
痛,用:疒:マ
通,用:マ:辶
涌,用:マ:氵
俑,用:亻:マ
甬,用
蛹,用:虫:マ
誦,用:言
鯒,用:田:魚:灬
畏,田:衣
劃,田:聿:刂
漁,田:魚:氵:灬
魚,田:灬
隈,田:衣:阝.
鯉,田:里:魚:灬
細,田:糸
鴫,田:鳥:灬
蘇,田:禾:魚:艹:灬
滝,田:立:氵:竜
佃,田:亻
猫,田:犭:艹
播,田:米:釆:扌
畠,田:白
藩,田:米:釆:氵:艹
番,田:米:釆
蕃,田:米:釆:艹
描,田:扌:艹
苗,田:艹
錨,田:金:艹
螺,田:糸:虫
雷,田:雨
累,田:糸
儡,田:亻
擂,田:雨:扌
沺,田:氵
潘,田:米:釆:氵
猥,田:衣:犭
畄,田:尚
畩,田:衣
畫,田:聿
瘰,田:疒:糸
癘,田:疒:禸:艹
縲,田:糸
繙,田:米:糸:釆
飜,田:米:釆:飛
薊,田:魚:刂:艹:灬
蕾,田:雨:艹
蘓,田:禾:魚:艹:灬
蟠,田:米:虫:釆
邁,田:禸:艹:辶
鈿,田:金
鐇,田:米:釆:金
騾,田:糸:馬
鯏,田:禾:魚:刂:灬
鯡,田:非:魚:灬
鰾,田:示:襾:魚:灬
鷭,田:米:釆:鳥:灬
蛋,疋:虫
痕,疒:艮
疾,疒:矢
痢,疒:禾:刂
疽,疒:目
瘋,疒:風
癨,疒:隹:雨
祭,癶:示:个
蔡,癶:示:艹
狛,白:犭
伯,白:亻
拍,白:扌
泊,白:氵
箔,白:竹:氵
粕,白:米
舶,白:舟
迫,白:辶
百,白
佰,白:亻
怕,白:忄
竡,白:立
粨,白:米:貝:頁
葩,白:艹:巴
袙,白:衤
貊,白:豸
陌,白:阝.
血,皿
衆,皿:血
恤,皿:血:忄
洫,皿:血:氵
縊,皿:糸:丷
蠱,皿:虫
謚,皿:言:丷
隘,皿:丷:阝.
鷁,皿:鳥:丷:灬
且,目
眼,目:艮
纂,目:竹:糸
首,目:自:丷
瞳,目:立:里
懼,目:隹:忄
沮,目:氵
泪,目:氵
瞿,目:隹
苴,目:艹
苜,目:艹
蛆,目:虫
詛,目:言
雎,目:隹
馗,目:自:首:丷:九
茅,矛:艹
矜,矛:个:マ
潅,矢:隹:氵
観,矢:見:隹
矩,矢:巨
侯,矢:亻
薙,矢:隹:艹
猴,矢:亻:犭
笶,矢:竹
篌,矢:竹:亻:ユ
雉,矢:隹
漂,示:襾:氵
票,示:襾
蒜,示:艹
剽,示:襾:刂
慓,示:襾:忄
縹,示:糸:襾
飄,示:襾:風
飃,示:襾:風
驃,示:襾:馬
穐,禾:龜
秀,禾:乃
除,禾:个:阝.
稚,禾:隹
誘,禾:言:乃
利,禾:刂
俐,禾:亻:刂
悧,禾:刂:忄
秬,禾:巨
龝,禾:龜
綉,禾:糸:勿
莉,禾:刂:艹
蜊,禾:虫:刂
酥,禾:酉
位,立:亻
笠,立:竹
泣,立:氵
鐘,立:里:金
憧,立:里:忄
撞,立:里:扌
童,立:里
粒,立:米
篭,立:竹:竜
僮,立:里:亻
拉,立:扌
潼,立:里:氵
竝,立
艟,立:舟:里
苙,立:艹
莅,立:亻:艹
颯,立:風
笹,竹:世
篤,竹:馬:鳥:灬
筆,竹:聿
笆,竹:巴
筧,竹:見
篆,竹:豕:彑
粟,米:襾
粂,米:久
謎,米:言:辶
釆,米
迷,米:辶
粫,米:而
粮,米:艮
糯,米:而:雨
維,糸:隹
純,糸:屯
絶,糸:色
緋,糸:非
緬,糸:面
羅,糸:网:隹
紲,糸:世
絲,糸
縺,糸:車:辶
繩,糸:黽
繻,糸:而:雨
纃,糸:齊
緕,糸:齊
臠,糸:肉:言
蘿,糸:网:隹:艹
蠻,糸:虫:言
邏,糸:网:隹:辶
鑼,糸:网:金:隹
鑾,糸:言:金
鸞,糸:言:鳥:灬
罪,网:非
罵,网:馬
買,网:貝
罰,网:言:刂
罹,网:隹:忄
羈,网:革:馬
覽,网:臣:見
詈,网:言
考,老
拷,老:扌
蛯,老:虫
儒,而:雨:亻
需,而:雨
濡,而:雨:氵
懦,而:雨:忄
蠕,而:虫:雨
襦,而:雨:衤
轜,而:車:雨
餌,耳:艮:食
茸,耳:艹
聞,耳:門
耶,耳:.阝
懾,耳:忄
揶,耳:扌:.阝
攝,耳:扌
聶,耳
鑷,耳:金
顳,耳:貝:頁
鵈,耳:鳥:灬
津,聿:氵
攬,臣:見:扌
道,自:首:丷:辶
鼠,臼
攪,臼:見:扌
舊,臼:隹:艹
諂,臼:言
餡,臼:食
鼡,臼
銀,艮:金
限,艮:阝.
恨,艮:忄
退,艮:辶
良,艮
浪,艮:氵
狼,艮:犭
郎,艮:.阝
狠,艮:犭
莨,艮:艹
螂,艮:虫:.阝
褪,艮:辶:衤
触,虫:角
蝕,虫:食
独,虫:犭
蜆,虫:見
蜃,虫:辰
蜚,虫:非
蠅,虫:黽
蟲,虫
蠡,虫:豕:彑
衾,衣:个
裴,衣:非
茜,襾:艹
価,襾:亻
價,襾:貝:亻
洒,襾:氵
覊,襾:革:馬
賈,襾:貝
迺,襾:辶
視,見:礻
俔,見:亻
靦,見:面
鵤,角:鳥:灬
讐,言:隹
信,言:亻
誰,言:隹
這,言:辶
誹,言:非
誉,言:丷:尚
讎,言:隹
遂,豕:丷:辶
隊,豕:丷:阝.
逐,豕:辶
彖,豕:彑
隧,豕:丷:辶:阝.
貍,豸:里
霾,豸:里:雨
鎖,貝:金:尚
側,貝:亻:刂
則,貝:刂
測,貝:刂:氵
頓,貝:頁:屯
賑,貝:辰
狽,貝:犭
頁,貝
貰,貝:世
惻,貝:刂:忄
貪,貝:个
贔,貝
鵙,貝:鳥:灬
軌,車:九
轟,車
陣,車:阝.
輩,車:非
漣,車:氵:辶
蓮,車:艹:辶
連,車:辶
俥,車:亻
鏈,車:金:辶
酒,酉:氵
酋,酉:丷
猶,酉:丷:犭
蕕,酉:丷:犭:艹
遒,酉:丷:辶
逎,酉:辶
黒,里:灬
狸,里:犭
裡,里:衤
俚,里:亻
黔,里:黒:个:灬
錐,金:隹
鈍,金:屯
淦,金:氵
瀏,金:刂:氵
鉅,金:巨
鋩,金:艹:亡
鐫,金:隹
悵,長:忄
萇,長:艹
們,門:亻
捫,門:扌
藺,門:隹:艹
閂,門
闖,門:馬
惟,隹:忄
焦,隹:灬
蕉,隹:艹:灬
進,隹:辶
推,隹:扌
儁,隹:亻
儺,隹:亻:艹
憔,隹:忄:灬
淮,隹:氵
霍,隹:雨
騅,隹:馬
鷦,隹:鳥:灬
霏,雨:非
俳,非:亻
排,非:扌
菲,非:艹
韮,韭:艹
飩,食:屯
馳,馬:也
驫,馬
鬮,鬥:龜
烏,鳥:灬
蔦,鳥:艹:灬
鳩,鳥:九:灬
黎,黍:勿
衿,个:衤
今,个
仇,亻:九
伍,亻
他,亻:也
刈,刂
苅,刂:艹
矛,マ
憮,忄:灬:無
扱,扌:及
把,扌:巴
汚,氵
池,氵:也
沌,氵:屯
泄,氵:世
茫,氵:艹:亡
芭,艹:巴
苣,艹:巨
辷,辶
祁,.阝:礻
邨,.阝:屯
鳥,灬
