kanji,radical_list
亜,｜口
唖,｜口刂
逢,｜二夂辶
悪,｜口心
以,｜丶人
伊,｜彐亻
井,｜丿二
稲,｜日爪禾
印,｜卩
引,｜弓
鵜,｜丿弓鳥丷灬
丑,｜丿
渦,｜冂口氵
焔,｜勹日火
艶,｜勹口日色豆丷
押,｜日田扌
横,｜二八廾日木田黄
沖,｜口氵
下,｜卜
果,｜木田
華,｜艹
嘩,｜口艹
柿,｜亠冂巾木
角,｜勹月
樺,｜木艹
鴨,｜日田鳥灬
患,｜口心
諌,｜日木田言
陥,｜勹日阝.
貴,｜口貝
糾,｜十糸
旧,｜日
供,｜二八亻
叫,｜十口
業,｜木玉羊耒丷
曲,｜日
巾,｜冂
串,｜口
屈,｜尸山
掘,｜尸山扌
窟,｜儿宀尸山穴
勲,｜丿力日田灬
薫,｜丿日艹灬
慧,｜彐心
継,｜米糸
兼,｜八彐丷
嫌,｜八女彐丷
研,｜丿亅口廾石
謙,｜八彐言丷
遣,｜口辶
碁,｜二八口石
候,｜矢亻
洪,｜二八氵
甲,｜日田
耕,｜亅八土木耒井
購,｜冂十貝
坤,｜土日田
詐,｜丿言
坐,｜人入土
座,｜入土广
挫,｜入土扌
再,｜冂玉
妻,｜女彐
済,｜丿廾文齊氵
犀,｜丿二十尸
斎,｜丿廾文示齊
剤,｜丿廾文齊刂
在,｜丿土
榊,｜日木田礻
崎,｜口大山
埼,｜口土大
碕,｜口大石
作,｜丿亻
咋,｜丿口
搾,｜丿儿宀穴扌
昨,｜丿日
柵,｜亅冂木冊
窄,｜丿儿宀穴
策,｜亅八冂巾木竹
錯,｜日金
冊,｜亅冂廾
撒,｜夂攴月扌
散,｜攴月
珊,｜亅冂玉冊
刺,｜亅八冂巾木刂
嗣,｜亅冂口
師,｜口巾
獅,｜口巾犭
児,｜儿日
爾,｜八冂爻
璽,｜八冂爻玉
軸,｜日田車
雫,｜丶雨
湿,｜日氵
篠,｜攴木竹亻
朱,｜丿二八木牛
殊,｜丿二八木歹牛
珠,｜丿二八木牛玉
種,｜日禾里
腫,｜日月里
収,｜又
州,｜丶巛
修,｜彡攴亻
洲,｜丶巛氵
繍,｜丿彐水糸隶
酬,｜丶巛酉
重,｜丿日里
粛,｜丿彐水米隶
出,｜山
衝,｜彳日行里
鍾,｜日里金
乗,｜丿八禾
剰,｜丿刂
伸,｜日田亻
申,｜日田
神,｜日田礻
紳,｜日田糸
酢,｜丿酉
垂,｜丿
帥,｜口巾
睡,｜丿目
錘,｜丿金
菅,｜口宀艹
世,｜
瀬,｜貝頁氵
整,｜口攴木止
斉,｜丿廾文
惜,｜二日忄
昔,｜二日
籍,｜亠八土日木竹耒
拙,｜山扌
撰,｜二八己扌
選,｜二八己辶
岨,｜山目
措,｜二日扌
狙,｜目犭
疎,｜口木止疋
祖,｜目礻
租,｜目禾
粗,｜目米
組,｜目糸
阻,｜目阝.
喪,｜口衣
奏,｜丿二大禾
捜,｜又日田扌
挿,｜丿十日田扌
曹,｜日
槽,｜日木
漕,｜日氵
糟,｜日米
遭,｜日辶
束,｜八口木
速,｜八口木辶
袖,｜田衤
存,｜丿子
唾,｜丿口
帯,｜冖巾
戴,｜二八土戈田
泰,｜丿二水
凧,｜冂几巾
巽,｜二八己
湛,｜儿匚甘氵
断,｜斤米
段,｜殳
値,｜十目亻
中,｜口
仲,｜口亻
宙,｜宀日田
忠,｜口心
抽,｜日田扌
弔,｜弓
暢,｜日田勿
勅,｜力口木
直,｜十目
陳,｜日木田阝.
槌,｜口木辶
追,｜口辶
鎚,｜口金辶
壷,｜冖口士
紬,｜日田糸
剃,｜丿弓丷刂
弟,｜丿弓丷
悌,｜丿弓丷忄
梯,｜丿弓木丷
逓,｜二厂巾辶
鼎,｜爿片目
笛,｜日田竹
迭,｜丿大牛矢辶
典,｜八日
展,｜二尸衣
殿,｜二八尸殳
澱,｜二八尸殳氵
兎,｜丶丿儿口
菟,｜丶儿勹口艹
凍,｜冫日木田
唐,｜口广彐
塘,｜口土广彐
東,｜日木田
棟,｜日木田
湯,｜日氵勿
董,｜日里艹
蕩,｜日氵艹勿
藤,｜月水艹
謄,｜月言
働,｜力日亻
動,｜力日里
峠,｜卜山
橡,｜勹口木豕
凸,｜冂凵
届,｜尸日田
乍,｜丿
廿,｜凵
禰,｜冂爻礻
念,｜心个
捻,｜心个扌
乃,｜丿
嚢,｜亠八冖口衣
濃,｜厂日衣辰氵
膿,｜厂日月衣辰
農,｜厂日衣辰
拝,｜干扌
杯,｜丿木礻
矧,｜弓矢
曝,｜八日水
爆,｜八日水火井
伴,｜二十亻丷
判,｜二十丷刂
半,｜二十丷
畔,｜二十田丷
挽,｜儿扌免
費,｜弓貝
眉,｜尸目
畢,｜田
紐,｜糸
評,｜二言丷
不,｜丶丿
埠,｜十口土阝.
普,｜二日丷
譜,｜二日言丷
撫,｜丿扌灬無
舞,｜丿二夕舛無
蕪,｜丿艹灬無
淵,｜氵
弗,｜丿弓
沸,｜丿弓氵
糞,｜二田米丷井
併,｜丿二廾亻丷
塀,｜丿二八土尸廾
弊,｜冂巾廾攴丷尚
並,｜二丷
蔽,｜冂巾攴丷尚艹
瞥,｜冂巾攴目丷尚
偏,｜冂戸亻冊
篇,｜冂戸竹冊
編,｜冂戸糸冊
遍,｜冂戸辶冊
便,｜丿日田亻
俸,｜丿二人大亻
奉,｜丿二人大
峰,｜夂山
峯,｜夂山
捧,｜丿二人大扌
縫,｜夂糸辶
蓬,｜夂艹辶
蜂,｜夂虫
豊,｜口日豆丷
鋒,｜夂金
暴,｜二八日水井
棒,｜丿二人大木
堀,｜土尸山
妹,｜二亠八女木
昧,｜二亠八日木
抹,｜亠八木扌
末,｜亠八木
沫,｜二亠八木氵
万,｜丿
満,｜二冂山氵
味,｜二亠八口木
未,｜二亠八木
魅,｜二亠儿八匕木田鬼
岬,｜山日田
無,｜丿灬
免,｜儿勹口
耗,｜八士木毛耒
餅,｜丿二廾食丷
也,｜乙匕
鑓,｜口金辶
油,｜日田氵
幽,｜凵幺
悠,｜夂心攴亻
柚,｜日木田
由,｜日田
郵,｜丿.阝
翼,｜二八冫田羽井
来,｜二亠木米
莱,｜二亠木米艹
頼,｜八口木貝頁
欄,｜日木田門
蘭,｜日木門艹
侶,｜口亻
両,｜冂山
倫,｜亅个亻冊
輪,｜車个冊
霊,｜二雨
廉,｜八广彐丷
煉,｜八日木火田
簾,｜八广彐竹
練,｜八日木田糸
錬,｜八日木田金丷
婁,｜口女
蝋,｜几用虫尚
論,｜言个冊
歪,｜丶丿止
丕,｜丶丿
个,｜
丱,｜丿
丼,｜丶丿二廾井
豫,｜亅勹口矛豕マ
佛,｜丿弓亻
來,｜人八十木
俤,｜丿弓亻丷
倔,｜尸山亻
倆,｜人冂亻
假,｜又亻
儂,｜辰亻
兩,｜入冂
冉,｜冂
冓,｜冂
冲,｜冫口
剏,｜丿二刀廾丷
剌,｜八口木刂
剩,｜匕爿刂
勳,｜力灬
匣,｜匚田
卅,｜丿十巛
丗,｜十山
卍,｜十
吽,｜二口牛
呷,｜口田
呻,｜口田
咄,｜口山
哄,｜二八口
喘,｜冂口山而
喇,｜亠八口木刂
嗽,｜八口木欠
嘸,｜丿口灬無
嘯,｜丿口彐水米聿隶
坏,｜丶丿土
垪,｜丿二土廾丷
堙,｜土襾
墟,｜匕卜厂土虍丷
壙,｜二八土广田黄
壤,｜亠口土衣
妍,｜丿二女廾
娉,｜勹女田
媚,｜女尸目
媾,｜二冂女
嫂,｜又女田
嫩,｜八口女攴木
嬋,｜十口女田
嬾,｜八口女木貝頁
孃,｜亠口女衣
孺,｜冂子而雨
屏,｜丿二尸廾丷
岫,｜山田
岼,｜二山干丷
崋,｜山
崛,｜尸山
崙,｜山个冊
崘,｜山个冊
嵋,｜尸山目
廡,｜广灬無
廸,｜廴日
彈,｜十口弓田
彌,｜八冂弓爻
彿,｜丿弓彳
徠,｜人八彳木
忸,｜忄
怎,｜丿心
怫,｜丿弓忄
恆,｜彑忄
悚,｜八口木忄
惠,｜厶心日虫
慊,｜彐丷忄
慟,｜丿力日忄
憖,｜人八心木犬
憚,｜十口田忄
懣,｜入冂凵心氵
懶,｜八口木貝頁忄
戰,｜十口戈田
扁,｜冂戸冊
抔,｜丶丿扌
抻,｜日田扌
拌,｜二十干丷尚扌
拂,｜丿弓扌
拱,｜二八扌
搜,｜十又支臼扌
捶,｜丿二扌
揀,｜八日木扌
搴,｜二八宀手
搆,｜八冂黄扌
舉,｜二八臼
收,｜攴
攸,｜丿攴
敕,｜八口攴木
敝,｜冂巾攴丷尚
數,｜口女攴
斷,｜幺斤
曄,｜二日艹
曩,｜亠八日衣
朏,｜山月
朮,｜丶儿木
朿,｜八冂木
柞,｜丿木
柮,｜山木
棘,｜亠八冂巾木
棗,｜亠八冂巾木
椪,｜木丷
椣,｜八日木
棆,｜木个冊
寨,｜八宀木
樓,｜口女木
飮,｜欠食个
歉,｜彐欠丷
洙,｜丿二八土木牛氵
涕,｜丿弓丷氵
渊,｜丿米氵
淒,｜女彐氵
淪,｜个氵冊
溂,｜八口木刂氵
溏,｜口广彐氵
澑,｜田氵
濂,｜八广彐氵
濔,｜八冂爻氵
瀑,｜二八日水氵
瀟,｜丿彐水氵艹
瀰,｜八冂弓爻氵
瀾,｜日木田門氵
炸,｜丿火
烽,｜二夂火
熏,｜丿日田灬
燻,｜丿日火田
燼,｜彐火皿聿灬
爛,｜八日木火門
狃,｜犭
狆,｜口犭
狎,｜日田犭
狒,｜丿弓犭
璢,｜玉田
瑕,｜又玉
瑾,｜口玉艹
畍,｜丿田个
畊,｜丿二田井
疥,｜丿疒个
痞,｜丶丿口疒
瘻,｜口女疒
眛,｜二八木目
睇,｜丿弓目丷
睫,｜土彐目走
瞞,｜入冂凵目
瞶,｜口目貝
矗,｜十目
祟,｜山示
祚,｜丿礻
禪,｜口日田礻
禮,｜口日豆丷礻
禳,｜亠八衣礻
秉,｜丿八彐禾
秣,｜亠八木禾
稱,｜冂爪禾
穰,｜亠口禾衣
穽,｜丿二儿宀穴井
窶,｜儿口女宀穴
竦,｜口木立丷
笨,｜木竹
笄,｜丿二廾竹
筰,｜丿竹亻
筱,｜攴竹亻
篝,｜二冂竹
篳,｜日田竹
簍,｜口女竹
簣,｜口竹貝
簫,｜丿彐水竹聿隶
籟,｜八口木竹貝頁
籥,｜口竹龠个冊
糶,｜山彐米隹
絆,｜二十糸丷
絣,｜丿二廾糸丷
綸,｜糸个冊
綰,｜口宀糸
緞,｜殳糸
縣,｜小目糸
縋,｜口糸辶
縷,｜口女糸
繖,｜二攴月糸
繼,｜匚幺糸
罘,｜丶丿网
翩,｜冫戸羽冊
耘,｜二八厶日木耒
耙,｜八日木耒巴
耜,｜口日木耒
耡,｜八力日木目耒
耨,｜八寸日木耒辰
聘,｜勹日耳
胛,｜日月田
胙,｜丿月
胄,｜日月田
胚,｜丶丿月
胖,｜二十月丷
脯,｜丶十月用
腆,｜八冂日月
胼,｜丿二廾月丷
舳,｜日田舟
艚,｜日舟
苡,｜人艹
苒,｜冂艹
茉,｜亠八木艹
茱,｜丿二亠八木牛艹
菫,｜二口土艹
萋,｜女彐艹
葭,｜又艹
葮,｜殳艹
蒹,｜彐丷艹
蕀,｜八冂木艹
蕭,｜丿彐米聿艹
薛,｜十口立辛艹
藪,｜口女攴艹
藉,｜二八日木耒艹
藕,｜八日木田禸耒艹
藾,｜八口木貝頁艹
乕,｜丿厂巾
蚓,｜弓虫
蚌,｜二虫
蚰,｜日田虫
蛬,｜二八虫艹
蛛,｜丿二八木牛虫
蝙,｜戸虫冊
螻,｜口女虫
蠹,｜冖口石虫
衄,｜皿血
袢,｜二十丷衤
裲,｜入冂衤
褄,｜女彐衤
褊,｜戸衤冊
襄,｜亠八衣
褸,｜口女衤
覯,｜冂見
誅,｜丿二八木牛言
誄,｜木耒言
諫,｜八口木网言
諞,｜戸言冊
謇,｜八宀言
譁,｜言艹
譴,｜口言辶
讓,｜亠口衣言
賽,｜八宀貝
賺,｜八彐貝
贐,｜彐皿貝灬
赧,｜又口土赤
赳,｜土走
跚,｜冂口足冊
踈,｜八口木足
踵,｜丿口田足里
蹇,｜八口宀足
蹕,｜口田足
躰,｜木身
軆,｜口日豆身丷
輛,｜入冂車
輌,｜冂凵車
輾,｜二尸衣車
辣,｜十口木立辛
迚,｜口辶
迪,｜日田辶
邇,｜八冂爻辶
迸,｜丿二廾丷辶
遐,｜又口辶
遘,｜冂辶
鄲,｜十口田.阝
醋,｜二日酉
醴,｜口日豆酉丷
醺,｜丿酉灬
釀,｜亠口衣酉
釉,｜日田米釆
釐,｜二八厂攴木里
鈕,｜金
鉞,｜戈金
銖,｜丿二八木牛金丷
錏,｜二金
鍜,｜又金
鎭,｜八匕目金丷
鏤,｜口女金
鑰,｜冂口金龠个冊
閘,｜日田門
閧,｜二八門
闌,｜八日木門
陲,｜丿阝.
霰,｜二攴月雨
靺,｜亠八凵口木革
鞣,｜凵口木矛革マ
顆,｜日木田貝頁
餠,｜干食
饉,｜二食艹
饋,｜口貝食
饌,｜二八己食
駲,｜丶丿巛馬
騁,｜勹日田馬
駢,｜丿二廾馬丷
騙,｜冂戸馬冊
騫,｜八宀馬
驥,｜二八匕爿田馬
驤,｜二亠八衣馬
髏,｜冂冖口女月骨
體,｜冂冖口日月豆骨丷
髯,｜冂厶彡長髟
髴,｜丿弓彡長髟
髷,｜厶彡日長髟
鬨,｜亅二八鬥
魎,｜儿入冂厶田鬼
鮓,｜丿田魚灬
鰕,｜又口田魚灬
鰊,｜口木田网魚丷灬
鰥,｜冫田网魚灬
鰤,｜冂口巾田魚灬
鰰,｜田魚灬礻
鱧,｜日田豆魚灬
鵲,｜日鳥
鶇,｜八日木田鳥灬
鶫,｜口木网鳥丷灬
黜,｜山里黒灬
鼬,｜日田臼鼠
槇,｜木目貝
浦,丶十用氵
永,丶水
泳,丶水氵
詠,丶水言
往,丶彳玉
欧,丶丿匚欠
殴,丶丿匚殳
鴎,丶丿匚鳥灬
蒲,丶十用氵艹
釜,丶丿干父玉金丷
鎌,丶丿八彐玉金丷
寒,丶八宀井
丸,丶九
機,丶丿幺戈木
気,丶丿气
稀,丶丿巾禾
偽,丶亻灬
及,丶乃
救,丶攴水
求,丶水
球,丶水玉
兇,丶丿儿凵
凶,丶丿凵
恐,丶几工心
挟,丶二亠人大丷扌
狭,丶二亠人大丷犭
胸,丶丿凵勹月
玉,丶
禽,丶丿亠冂凵厶禸个
区,丶丿匚
躯,丶丿匚身
駆,丶丿匚馬
犬,丶大
国,丶囗玉
叉,丶又
肴,丶丿月
殺,丶丿木殳
桟,丶丿木毛
残,丶丿歹毛
似,丶人亻
執,丶丿亠十土立辛九
勺,丶勹
尺,丶尸
杓,丶勹木
灼,丶勹火
酌,丶勹酉
釈,丶尸米釆
主,丶玉
就,丶亠口小尢尤
蹴,丶丿乙亠口小尢足尤
住,丶玉亻
塾,丶亠口土子九
熟,丶亠口子九灬
術,丶十彳木行
述,丶十木辶
丈,丶丿
刃,丶刀
尽,丶尸
靭,丶刀革
勢,丶儿力土九
斥,丶斤
浅,丶丿毛氵
賎,丶丿毛貝
践,丶丿口毛足
銭,丶丿毛金
訴,丶斤言
双,丶又
太,丶大
汰,丶大氵
駄,丶大馬
丹,丶丿亅
築,丶几工木竹
筑,丶几工竹
昼,丶尸日
柱,丶木玉
注,丶玉氵
註,丶玉言
駐,丶玉馬
掴,丶囗玉扌
釣,丶勹金
的,丶勹白
冬,丶夂攴
忍,丶刀心
認,丶刀心言
葱,丶心艹勿
熱,丶儿土九灬
之,丶乙亠廴
博,丶十寸田
薄,丶十寸田氵艹
縛,丶十寸田糸
帆,丶几巾
汎,丶几氵
泌,丶丿心氵
秘,丶丿心禾
柊,丶夂木
氷,丶水
豹,丶勹豸
敷,丶十攴方田
舗,丶十口土用个
鋪,丶十用金
圃,丶十囗用
捕,丶十用扌
甫,丶十用
補,丶十用衤
輔,丶十用車
簿,丶十寸田竹氵
宝,丶宀玉
乏,丶丿乙亠
凡,丶几
密,丶丿宀山心
蜜,丶丿宀心虫
尤,丶尢
籾,丶刀米
匁,丶丿勹
約,丶勹糸
訳,丶尸言
猷,丶丿犬酉
卵,丶丿卜
吏,丶丿口
梁,丶刀木氵
鷲,丶亠口小尢鳥灬尤
亙,丶丿二
仞,丶刀亻
仭,丶刀亻
偬,丶心亻勿
傅,丶寸田亻
兔,丶儿免
冤,丶儿冖免
劔,丶人刀口个
劒,丶人刀口个
剱,丶人刀口个
匆,丶勹勿
匍,丶勹十用
厖,丶厂尢彡尤
咏,丶丿口水
哺,丶十口用
囈,丶二儿厶口土九艹
埔,丶十土用
妁,丶勹女
孰,丶亠口子九
孵,丶卩子爪
寃,丶儿宀免
尨,丶尢彡尤
巉,丶儿勹口山比
怱,丶丿勹心勿
怺,丶水忄
愡,丶丿心忄勿
愽,丶十寸田忄
戍,丶丿戈
扠,丶又扌
扨,丶刀扌
拔,丶丿扌
拆,丶斤扌
掖,丶亠夂夕亻扌
搏,丶十寸田扌
摯,丶丿十手立辛九
昶,丶日水
柝,丶斤木
梵,丶几木
榑,丶十寸木田
樒,丶丿宀山心木
櫁,丶丿宀心木虫
樣,丶木水玉羊丷
毬,丶亠毛水
泝,丶斤氵
溥,丶十寸田氵
漾,丶水玉羊丷氵
澀,丶刀止氵
瀛,丶几口女月氵亡
炙,丶夕火
犹,丶尢犭尤
瑟,丶丿心玉
疣,丶尢疒尤
疼,丶冫夂疒
祕,丶丿心礻
祓,丶丿礻
秡,丶丿禾
笂,丶竹九
筺,丶匚玉竹
簗,丶刀木竹氵
綛,丶刀心糸
网,丶丿冂
羸,丶几口月玉羊丷亡
肬,丶尢月尤
脉,丶月水
膊,丶十寸日月田
舖,丶十口用舌个
芍,丶勹艹
苳,丶夂艹
荵,丶刀心艹
葯,丶勹糸艹
葢,丶大皿艹
藝,丶二儿厶土九艹
蛩,丶几工虫
螽,丶夂虫
蟄,丶亠十立虫辛九
衂,丶刀皿血
裘,丶亠水衣
褻,丶亠土衣九
謐,丶丿心皿言
譏,丶幺戈言
賻,丶十寸田貝
贄,丶亠十立貝辛九
跋,丶丿口攴足
跫,丶几口工足
逑,丶亠水辶
逋,丶十用辶
釼,丶刀金
釵,丶又金
靫,丶又革
鞏,丶几工革
餔,丶十用食
饑,丶幺戈食
騷,丶又虫馬
魃,丶儿匕攴田鬼
鯆,丶十用田魚灬
鷙,丶亠十立辛鳥九灬
麈,丶广比玉鹿
黻,丶八冂攴黹丷
黼,丶八冂十用黹丷
遙,丶夕缶辶
瑤,丶夕玉缶
葵,丿二人大癶艹
夷,丿大弓
威,丿厂女戈
為,丿灬
郁,丿月.阝
磯,丿口幺戈石
逸,丿儿勹辶免
淫,丿士爪玉氵
隠,丿彐心尚阝.
右,丿口
映,丿大日
洩,丿乙日氵
瑛,丿大玉艹
盈,丿又皿
英,丿大艹
援,丿又爪扌
央,丿冖大
卸,丿卩止
禾,丿木
括,丿十口舌扌
活,丿十口舌氵
勧,丿力矢隹
感,丿口心戈
憾,丿口心戈忄
看,丿二手目
希,丿巾
幾,丿幺戈
杵,丿十干木
久,丿入
吸,丿口及
汲,丿氵及
笈,丿竹及
級,丿糸及
許,丿十干言
僑,丿冂口大亻
喬,丿冂口大
橋,丿冂口木
矯,丿冂口大矢
蕎,丿冂口大艹
君,丿口日
係,丿糸亻
刑,丿廾刂
型,丿土廾刂
形,丿廾彡
携,丿隹乃扌
系,丿糸
荊,丿廾刂艹
懸,丿小心目糸
乎,丿亅丷
呼,丿亅口丷
午,丿十干
御,丿卩彳止
乞,丿乙
后,丿亅厂口斤
垢,丿亅厂口土斤
宏,丿厶宀
更,丿日
梗,丿日木
浩,丿口土氵
硬,丿口日石
紘,丿厶糸
肱,丿厶月
告,丿口土
酷,丿口土酉
鵠,丿口土鳥灬
佐,丿工亻
嵯,丿山工玉羊丷
左,丿工
差,丿工玉羊丷
沙,丿小氵
瑳,丿工玉羊丷
砂,丿口小石
裟,丿小衣氵
才,丿亅
歳,丿小戈止
砕,丿十口石九
際,丿癶示阝.
材,丿亅木
財,丿亅貝
察,丿宀癶示
擦,丿宀癶示扌
薩,丿亠厂生立丷艹阝.
産,丿亠厂生立丷
使,丿口亻
史,丿口
施,丿方也
七,丿乙匕
失,丿二人大
悉,丿心米釆
紗,丿小糸
若,丿口艹
惹,丿口心艹
寿,丿二寸
春,丿二日
傷,丿日亻勿
升,丿十廾
少,丿小
承,丿亅二手マ
抄,丿小扌
昇,丿十廾日
渉,丿小止氵
省,丿小目
称,丿小禾
丞,丿亅マ
城,丿土戈
杖,丿木
蒸,丿亅マ艹灬
飾,丿巾食
榛,丿二人木禾
秦,丿二禾
壬,丿士
訊,丿几言
随,丿月辶阝.
髄,丿冖月骨辶
雀,丿小隹
制,丿二巾牛刂
成,丿戈
盛,丿戈皿
誠,丿戈言
戚,丿卜小戈
先,丿儿土
千,丿十
栴,丿冂木
洗,丿儿土氵
銑,丿儿土金
倉,丿口个
蒼,丿口个艹
鎗,丿口金个
臓,丿戈月臣艹
蔵,丿戈臣艹
造,丿口土辶
属,丿尸禸
孫,丿子糸
遜,丿子糸辶
堕,丿土月阝.
惰,丿工月忄
楕,丿工月木
宅,丿乙宀
托,丿乙扌
託,丿乙言
諾,丿口言艹
嘆,丿口艹
誕,丿廴止言
暖,丿又日爪
秩,丿人土大禾
着,丿玉目羊丷
鋳,丿亠土寸金
捗,丿小止扌
椿,丿二日木
鉄,丿二大矢金
添,丿大心氵
梼,丿亠土寸木
涛,丿亠土寸氵
祷,丿亠土寸礻
透,丿禾乃辶
匿,丿匚口艹
屯,丿乙凵
呑,丿口大
迩,丿小辶
任,丿士玉亻
妊,丿士女玉
祢,丿小礻
年,丿干
盃,丿皿
否,丿口
弼,丿弓白
必,丿心
媛,丿又女爪
秒,丿小禾
瀕,丿小止貝頁氵
賓,丿宀小貝
頻,丿小止貝頁
布,丿巾
怖,丿巾忄
楓,丿冂木虫風
風,丿冂虫
閉,丿亅門
蔑,丿戈网艹
鞭,丿日田革亻
歩,丿小止
戊,丿戈
邦,丿二.阝
奔,丿十大廾
枕,丿乙冖尢木
鮪,丿月田魚灬
亦,丿亅亠八
湊,丿二大氵
妙,丿女小
滅,丿戈火氵
茂,丿戈艹
勿,丿勹
弥,丿亅小弓
矢,丿大
佑,丿口亻
友,丿又
宥,丿宀月
有,丿月
祐,丿口礻
雄,丿厶隹
妖,丿大女
沃,丿大氵
濫,丿二皿臣氵
藍,丿二皿臣艹
覧,丿二臣見
旅,丿方
臨,丿口臣品
劣,丿力小
賄,丿月貝
詫,丿乙宀言
乂,丿
乖,丿匕十爿
乘,丿八匕十爿
亳,丿乙亠冖口
仍,丿亻乃
仗,丿亻
仟,丿十亻
佚,丿二人大亻
侏,丿八木牛亻
侘,丿乙宀亻
侑,丿月亻
决,丿人冫大ユ
凭,丿几士亻
刋,丿十刂
辨,丿十立辛
咸,丿口戈
咤,丿乙口宀
唏,丿口巾
哽,丿口田
喊,丿口戈
嗟,丿口工玉羊丷
囿,丿囗月
埀,丿匕土爿
埓,丿土寸
夭,丿大
奧,丿冂大米
姙,丿士女亻
娑,丿女小氵
婬,丿士女爪
嬌,丿冂口大女
嬪,丿女宀小貝
尓,丿小
尠,丿儿匚小甘
尹,丿彐
屹,丿乙山
峺,丿山田
帙,丿二人大巾
并,丿二干丷
忤,丿十干忄
忝,丿大心
恠,丿土忄
恁,丿士心亻
慯,丿勹日忄
慝,丿匚厂口心艹
戌,丿戈
拜,丿干扌
抛,丿力九扌
拵,丿子扌
插,丿十臼扌
撼,丿口心戈扌
擯,丿宀小貝扌
斫,丿口斤石
昜,丿日勿
晞,丿巾日
晧,丿口土日
晟,丿戈日
暘,丿勹日勿
朶,丿木乃
杤,丿木
杪,丿小木
枡,丿十廾木
栫,丿子木
梏,丿口土木
楹,丿又木皿乃
槎,丿工木玉羊丷
橢,丿工月木阝.
檳,丿宀小木貝
欷,丿巾欠
歃,丿十欠臼
殀,丿大歹
殤,丿日歹勿
殯,丿宀小歹貝
毟,丿小毛
泛,丿乙亠氵
浤,丿厶宀氵
涎,丿廴止氵
淆,丿月氵
湲,丿二又爪氵
渺,丿小目氵
濱,丿宀小貝氵
炒,丿小火
熈,丿卩己臣灬
煖,丿又火爪
煬,丿日火勿
爰,丿又爪
犂,丿牛禾勿
犲,丿亅犭
瓩,丿十瓦
畴,丿二寸田
疚,丿入疒久
瘍,丿勹日疒
皓,丿口土白
盪,丿勹日皿氵
蘯,丿勹日皿氵艹
眇,丿小目
禹,丿冂禸虫
穢,丿小戈止禾
窘,丿儿口宀彐穴
窖,丿儿口土宀穴
竏,丿十立
笏,丿勹竹勿
笋,丿彐竹
筵,丿廴止竹
筬,丿戈竹
箴,丿口戈竹
粳,丿日米
絨,丿戈糸
絏,丿日糸
緜,丿巾白糸
緘,丿口戈糸
緲,丿小目糸
縅,丿女戈糸
繽,丿宀小糸貝
缺,丿二人凵大缶
羞,丿彐玉羊丷
羣,丿口彐玉羊丷
隋,丿工月阝.
膓,丿日月勿
膸,丿工月辶
臟,丿戈月臣艹
臧,丿冫戈疒臣
臻,丿二厶土大禾至
舂,丿二大臼
艾,丿艹
茆,丿卩艹
荐,丿子艹
莚,丿廴止艹
莎,丿小氵艹
莠,丿禾艹
藏,丿戈爿臣艹
蘋,丿小止貝頁艹
虱,丿乙虫
蜒,丿廴止虫
蜑,丿廴止虫
蜴,丿日虫勿
蝨,丿乙虫
蝪,丿日虫勿
袮,丿小衤
裙,丿口尸彐衤
裼,丿日勿衤
襪,丿戈网艹衤
觴,丿日角勿
誥,丿口土言
譌,丿爪言灬
讚,丿儿土言貝
豺,丿亅豸
貶,丿乙亠貝
贊,丿儿土貝
贓,丿冫戈疒臣貝
跌,丿二人口土大足
跣,丿儿口土足
蹙,丿卜口小戈足
躱,丿木身乃
軼,丿二人土大車
輳,丿二人大車
轎,丿冂口大車
轗,丿口心戈車
隨,丿工月阝.
醢,丿口皿酉
鈔,丿小金
鉚,丿卩金
銹,丿禾金乃
鍼,丿口戈金
鑽,丿儿土貝金
阡,丿十阝.
陏,丿月阝.
陞,丿土廾阝.
陟,丿小止阝.
陦,丿二土寸阝.
隲,丿小馬阝.
靜,丿亅二亠土彐月爪青尚
靠,丿口土非
韈,丿戈网革艹
顰,丿十小止田貝頁
飫,丿大食
駛,丿口馬
驕,丿冂口大馬
髓,丿冂冖工月骨辶
鬢,丿宀小彡貝長髟
鯀,丿田糸魚灬
鯊,丿小田魚氵灬
鯑,丿巾田魚灬
鯣,丿勹日田魚灬
鰔,丿口戈田魚灬
鰄,丿女戈田魚灬
鹹,丿卜口囗戈鹵
齲,丿冂凵止禸米虫齒
曳,乙日
奄,乙大日
掩,乙大日扌奄
俺,乙大亻奄
乾,乙十日
亀,乙勹田龜
吃,乙口
孔,乙子
札,乙木
電,乙田雨
縄,乙田糸龜
乳,乙子爪
巴,乙己
蝿,乙田虫龜
氾,乙卩氵
犯,乙卩犭
範,乙卩竹車
迄,乙辶
乱,乙口舌
竜,乙田立
礼,乙礻
亂,乙冂厶爪
吼,乙口子
乢,乙山
扎,乙扌
梍,乙匕木白
淹,乙大日氵奄
煢,乙冖十火
獵,乙口巛臼鼠犭
糺,乙糸
紮,乙木糸
罨,乙大日网奄
菴,乙大日艹奄
訖,乙言
軋,乙車
輒,乙耳車
閹,乙大日門奄
阿,亅口阝.
椅,亅口大木
宇,亅宀干
迂,亅二干辶
何,亅口亻
可,亅口
歌,亅口欠
河,亅口氵
珂,亅口玉
苛,亅口艹
荷,亅口亻艹
俄,亅戈手亻
峨,亅山戈手
我,亅戈手
蛾,亅戈手虫
餓,亅戈手食
廓,亅亠口子广.阝
郭,亅亠口子.阝
奇,亅口大
寄,亅口大宀
騎,亅口大馬
儀,亅戈手玉羊亻丷
犠,亅戈手牛玉羊丷
義,亅戈手玉羊丷
蟻,亅戈手玉羊虫丷
議,亅戈手玉羊言丷
減,亅口戈氵
諺,亅亠彡立言丷
伺,亅口亻
司,亅口
詞,亅口言
飼,亅口艮食个
事,亅口彐
序,亅子广
浄,亅勹彐氵
笥,亅口竹
静,亅亠勹土彐月青
争,亅勹彐
打,亅扌
苧,亅宀艹
貯,亅宀貝
丁,亅
庁,亅广
町,亅田
頂,亅貝頁
亭,亅亠冖口
停,亅亠冖口亻
汀,亅氵
訂,亅言
釘,亅金
塗,亅八土木个氵
途,亅八木个辶
灯,亅火
瀞,亅亠土彐月青氵
寧,亅宀心网
覗,亅口見
烹,亅亠口灬
野,亅矛里
予,亅マ
余,亅二八示个
預,亅欠貝頁マ
了,亅
亊,亅彐丷
舒,亅口干矛舌个マ
于,亅二
佇,亅宀亻
倚,亅口大亻
剞,亅口大刂
叮,亅口
吁,亅二口
呵,亅口
哥,亅口
哦,亅口戈
竒,亅亠口立丷
娥,亅女戈
婀,亅口女阝.
寐,亅二八宀爿
峩,亅山戈
嵜,亅亠口大山立丷
崢,亅尸山彐爪
嶬,亅山戈玉羊丷
彁,亅口弓
抒,亅矛マ扌
掎,亅口大扌
曦,亅戈日玉羊丷
杼,亅木矛
柯,亅口木
檸,亅宀心木网
欹,亅口大欠
淨,亅彐爪氵
渮,亅口氵艹
渟,亅亠冖口氵
濘,亅宀心网氵
烝,亅水灬
爭,亅彐爪
猗,亅口大犭
獰,亅宀心网犭
甼,亅田
畸,亅口大田
疔,亅疒
痾,亅口疒阝.
盂,亅二皿
眄,亅山目
礒,亅口戈玉石羊丷
祠,亅口礻
竚,亅宀立
箏,亅彐爪竹
筝,亅勹彐竹
紆,亅二糸
紵,亅宀糸
綺,亅口大糸
罅,亅二凵匕卜厂缶虍丷
羇,亅凵口大网革
聹,亅宀心网耳
舸,亅口舟
艤,亅戈玉羊舟丷
莪,亅戈艹
荼,亅二八小个艹
蕷,亅矛貝頁艹
蜍,亅二小虫个
訶,亅口言
諍,亅彐爪言
謌,亅口言
軻,亅口車
迹,亅亠八赤辶
酊,亅酉
錚,亅彐爪金
隸,亅彐木水示隶
雋,亅冂凵隹
餘,亅二八干食个
鵝,亅戈鳥灬
鵞,亅戈鳥灬
蔭,二厶个艹阝.
院,二儿宀阝.元
陰,二厶个阝.
云,二厶
雲,二厶雨
会,二厶个
快,二人大忄
絵,二厶糸个
顎,二勹口貝頁
巻,二大己丷
完,二儿宀元
監,二皿臣
艦,二皿臣舟
莞,二儿宀艹元
鑑,二皿臣金
関,二人八大門丷
玩,二儿玉元
頑,二儿貝頁元
侠,二亠人大亻丷
峡,二亠人大山丷
均,二冫勹土
芸,二厶艹
決,二人大氵
訣,二人大言
券,二人刀大大丷
圏,二人囗大大己丷
元,二儿
袴,二勹大衤
誇,二勹大言
跨,二勹口大足
五,二
魂,二儿匕厶田鬼
些,二匕止
咲,二人口大丷
皐,二十白
鯖,二亠土月田青魚灬
錆,二亠土月金青
三,二
讃,二亠人大言貝
賛,二亠人大貝
竺,二竹
勝,二人力大月丷
情,二亠土月青忄
仁,二亻
晴,二亠土日月青
清,二亠土月青氵
精,二亠土月米青
請,二亠土月言青
青,二亠土月
脊,二月癶个
替,二亠人大日
樗,二勹木雨
鍔,二勹口金
転,二厶車
伝,二厶亻
曇,二厶日雨
那,二刀.阝
弐,二弋
溌,二儿癶氵
発,二儿癶
醗,二儿癶酉
桧,二厶木个
夫,二人大
扶,二人大扌
芙,二人大艹
頬,二人貝頁丷
俣,二口大亻
靖,二亠土月立青
伶,二士小彐水
隷,二士小彐水隶
亘,二日
鰐,二勹口田魚灬
弍,二弋
亞,二
亟,二又口
倩,二亠土月青亻
僵,二田亻
儖,二皿臣亻
冀,二八匕爿田
冑,二冂月田
冕,二儿冂月免
冦,二儿冖卜又
冱,二冫
刳,二勹大刂
劵,二人八力大
匏,二勹大己
卷,二人八卩大
咢,二勹口
圈,二人卩囗大丷
堊,二土
壜,二厶土日雨
壼,二冖士
夬,二人大ユ
夸,二勹大
佞,二女亻
娜,二刀女.阝
寇,二儿卜又宀元
彗,二亠土彐
惡,二心
惓,二大己丷忄
愕,二勹口忄
惷,二大心日
愃,二宀日忄
抉,二人大ユ扌
揆,二人大癶扌
撥,二儿癶扌
攘,二亠八衣扌
攤,二隹扌艹
晉,二厶日
暄,二宀日
桍,二勹大木
梛,二刀木.阝
椏,二木
椦,二力大木丷
槿,二土木艹
樸,二木羊丷
檻,二木皿臣
欖,二木臣見
浣,二儿宀氵
渕,二人大丷刂氵
滕,二人大月水丷
猜,二亠土月青犭
畉,二人大田
癈,二儿疒癶
癪,二亠土疒禾貝
癸,二大癶
皖,二儿宀白元
眷,二人大目丷
睛,二亠土月目青
瞎,二亠口土宀目
碾,二口尸石衣
磧,二亠口土石貝
簀,二亠土竹貝
籃,二皿竹臣
籐,二人大月水竹丷
籘,二人大月竹糸丷
紜,二厶糸
絳,二夂糸
綣,二人大己糸丷
縉,二厶日糸
縢,二人大月糸丷
繧,二厶糸雨
繿,二皿糸臣
纉,二亠人大糸貝
纛,二亠土小毋目糸
纜,二糸臣見
罎,二凵厶日缶雨
冐,二冂月
胯,二勹大月
膩,二弋月貝
艱,二人大艮艹
芫,二儿艹元
菁,二亠土月青艹
萼,二勹口艹
蕚,二勹口艹品
蒄,二儿冖寸艹元
蓁,二大禾艹
薑,二田艹
虧,二勹匕卜厂虍隹
蜷,二人大己虫丷
蜻,二亠土月虫青
蠢,二大日虫
袂,二人大衤
襤,二皿臣衤
諤,二勹口言
諠,二宀日言
譛,二人大日言
豢,二人大豕丷
貳,二弋貝
趺,二人口大足
輦,二人大車亻
鄂,二口.阝
鎹,二人八大金辶
鐚,二心金
鑒,二网臣金
鑚,二人儿大貝金
阮,二儿阝.元
靆,二厶彐水隶雨辶
靉,二冖厶夂心爪雨
鰆,二人大日田魚灬
鴃,二人大鳥灬
鶚,二勹口鳥灬
麩,二人夂麥
麸,二亠人土夂大麥
齶,二凵勹口止米齒
哀,亠口衣
虻,亠虫亡
依,亠衣亻
衣,亠
亥,亠人
育,亠厶月
影,亠口小彡日
液,亠夕攴亻氵
円,亠冂
劾,亠人力
咳,亠人口
害,亠口土宀
該,亠人言
骸,亠人冂冖月骨
核,亠人木
較,亠父車
割,亠口土宀刂
轄,亠口土宀車
顔,亠八厂彡立貝頁
棄,亠凵厶木
毅,亠几殳立豕
喫,亠刀口土大
亨,亠口
享,亠口子
京,亠口小
契,亠刀土大
景,亠口小日
鯨,亠口小田魚灬
潔,亠刀土糸氵
憲,亠土宀心网
牽,亠冖厶牛
弦,亠幺弓玄
玄,亠幺
絃,亠幺玄糸
舷,亠幺玄舟
檎,亠冂厶木禸个
交,亠父
佼,亠父亻
倖,亠十立辛亻
効,亠力父
坑,亠几土
幸,亠十立辛
慌,亠巛忄艹
抗,亠几扌
杭,亠几木
校,亠木父
稿,亠冂口禾高
絞,亠父糸
膏,亠冖口月高
航,亠几舟
郊,亠父.阝
高,亠冂口
壕,亠冖口土豕
濠,亠冖口豕氵
豪,亠冖口豕
麹,亠勹土夂米麥
刻,亠刂
債,亠土貝亻
裁,亠厶土戈衣
鮫,亠父田魚灬
姉,亠女巾
市,亠巾
宍,亠八宀
芝,亠艹
縞,亠冂口糸高
充,亠儿厶
銃,亠儿厶金
淳,亠口子氵
醇,亠口子酉
商,亠儿冂口立丷
壌,亠八土衣
嬢,亠八女衣
穣,亠八禾衣
譲,亠八衣言
醸,亠八衣酉
新,亠十斤木立辛丷
薪,亠十斤木立辛丷艹
親,亠十木立見辛丷
翠,亠人冫十羽
衰,亠衣
嵩,亠冂口山高
畝,亠田久
積,亠土禾貝
績,亠土糸貝
責,亠土貝
跡,亠口止赤足
蹟,亠口土貝足
疏,亠厶巛止疋マ
素,亠土糸
爽,亠人
卒,亠人十
鐸,亠十立网辛金
壇,亠口囗土日
檀,亠口日木
畜,亠幺玄田
蓄,亠幺玄田艹
嫡,亠冂十口女立丷啇
漬,亠土貝氵
帝,亠冖巾立丷
締,亠冖巾立糸丷
諦,亠冖巾立言丷
蹄,亠冖口巾立足丷
摘,亠冂十口立丷扌啇
敵,亠冂十口攴立丷啇
滴,亠冂十口立丷氵啇
適,亠冂十口立丷辶啇
鏑,亠冂十口立金丷啇
徹,亠厶彳攴月
撤,亠厶攴月扌
轍,亠厶攴月車
統,亠儿厶糸
毒,亠土毋
惇,亠口子忄
敦,亠口子攴
灘,亠口大隹氵艹
難,亠口大隹艹
肺,亠巾月
抜,亠又夂扌
噺,亠十口斤木立辛丷
塙,亠冂口土高
蛮,亠虫
彦,亠厂彡立丷
変,亠夂
報,亠十卩又土立辛
褒,亠口小衣亻
亡,亠
傍,亠冖方立亻丷
忘,亠心亡
忙,亠忄亡
蓑,亠衣艹
椋,亠口小木
冥,亠八冖日
妄,亠女亡
盲,亠目亡
夜,亠夕亻
擁,亠隹扌
璃,亠凵玉禸
裏,亠衣里
離,亠凵禸隹
率,亠冫十幺玄
掠,亠口小扌
流,亠厶巛氵
琉,亠厶巛玉
硫,亠厶口巛石
亮,亠儿冖口
涼,亠口小氵
諒,亠口小言
恋,亠八心
六,亠八
藁,亠冂口木高艹
湾,亠弓氵
亢,亠几
亰,亠小日
亶,亠口囗日
伉,亠几亻
倅,亠人十亻
偐,亠厂彡立亻丷
傚,亠攴父亻
僭,亠无日亻
儕,亠刀齊亻
凉,亠冫口小
凛,亠冫口囗示
劑,亠齊刂
勍,亠力口小
勣,亠力土貝
卞,亠卜
吭,亠几口
呟,亠口幺玄
咬,亠口父
啻,亠冖口巾立丷
啼,亠冖口巾立丷
喨,亠儿冖口
嘖,亠口土貝
嚆,亠冂口高艹
囃,亠人口木隹
囓,亠凵刀口土止米齒
圉,亠十囗土干立辛
垓,亠人土
埣,亠人十土
壞,亠土网衣
壅,亠土隹
奕,亠八大赤
孩,亠子
幎,亠八冖巾日
廩,亠口囗广禾
弃,亠厶廾
弯,亠八弓赤
悴,亠人十忄
慱,亠十厶寸日虫忄
憬,亠口小日忄
懌,亠十土立网辛忄
懷,亠网衣忄
懍,亠口囗禾忄
抃,亠卜扌
撩,亠人大小日丷扌
擒,亠凵禸个扌
擅,亠口囗日扌
擇,亠十土立网辛扌
撻,亠十土玉立羊辛扌辶
擠,亠齊扌
攅,亠人土大貝扌
效,亠攴父
敲,亠冂口攴高
旁,亠冖方立丷
旒,亠厶巛方
暝,亠八冖日
暾,亠口子攴日
暸,亠大小日丷
柬,亠巾木丷
梳,亠厶巛木
椁,亠口子木
楔,亠刀土大木
楴,亠冖巾木立丷
楝,亠八巾木
槁,亠冂口木高
榠,亠八冖日木
榜,亠冖方木立丷
槨,亠口子木.阝
榱,亠木衣
毓,亠厶巛毋
毫,亠冖口毛
氈,亠口囗毛目
沛,亠巾氵
淬,亠人十氵
滂,亠冖方立丷氵
溟,亠八冖日氵
滾,亠八口衣氵
漓,亠凵禸氵
潦,亠大小日丷氵
澤,亠十土立网辛氵
濟,亠齊氵
燉,亠口子攴火
燎,亠大小日火丷
燵,亠土火立丷辶
犒,亠冂口牛高
狡,亠父犭
猝,亠人十犭
甎,亠十寸日瓦虫
甕,亠幺瓦隹
畆,亠厶田
痃,亠幺玄疒
瘁,亠人十疒
皎,亠父白
眩,亠幺玄目
睾,亠十土目立网辛
瞑,亠八冖日目
碎,亠人十口石
磅,亠冖口方石立丷
磚,亠十厶口寸日石虫
禊,亠刀土大礻
稟,亠口囗禾
禀,亠口囗示
稾,亠冂口禾高
簑,亠口竹衣
簔,亠口竹衣
籬,亠凵禸竹隹
粹,亠人十米
繚,亠大小日糸丷
繹,亠十土立糸网辛
纐,亠父糸貝頁
罔,亠冂丷亡
羶,亠口囗日玉羊丷
肓,亠月亡
腋,亠夕月亻
膀,亠冖方月立丷
膵,亠人十月艹
芒,亠艹亡
萃,亠人十齊艹
蒂,亠冖巾立丷艹
蒿,亠冂口高艹
蒡,亠冖方立丷艹
蔬,亠厶巛止疋艹
薺,亠刀齊艹
蛟,亠父虫
螟,亠八冖日虫
蟀,亠冫十幺玄虫
衒,亠幺彳玄行
袞,亠八口衣
袤,亠矛衣
裹,亠八木田衣
襃,亠口木衣
諄,亠囗子言
謗,亠冖方立言丷
謫,亠冂十口立言丷啇
譯,亠十土立网言辛
豁,亠八口土宀谷个
齎,亠貝齊
躋,亠口足齊
逹,亠十立辛辶
醉,亠人十酉
醯,亠厶巛皿酉
釋,亠十立米网辛釆
鉉,亠幺玄金
鍄,亠口小金
鎬,亠冂口金高
鐓,亠囗子攴金
鐐,亠八大小日金丷
閙,亠巾門
闥,亠十土玉立羊辛門辶
雍,亠幺隹
雜,亠人木隹
霈,亠巾雨氵
霽,亠雨齊
齏,亠韭齊
韲,亠韭齊
頏,亠儿貝頁
顫,亠口囗日貝頁
餃,亠父食
駭,亠人馬
駮,亠父馬
驛,亠十立网辛馬
驪,亠冂广比馬鹿
髞,亠冂口木高品
鬧,亠巾鬥
魑,亠儿凵匕田禸鬼
鵁,亠父鳥灬
鶉,亠口子鳥灬
鵺,亠夕衣鳥灬
鷯,亠小日鳥个丷灬
黐,亠凵禸黍
黥,亠口小里黒灬
齧,亠凵刀土止米齒
凜,亠冫口禾
臥,人臣
渓,人土爪氵
鶏,人土大爪鳥
欠,人勹
倹,人口个亻
剣,人口个刂
検,人口木个
険,人口个阝.
験,人口馬个
鹸,人十口囗鹵个
庚,人广彐
傘,人十个
囚,人囗
潜,人土日氵
閃,人門
朕,人大月丷
槻,人大木見
内,人冂
肉,人冂
納,人冂糸
病,人冂疒
丙,人冂
柄,人冂木
撲,人玉羊丷扌
从,人
仄,人厂
俎,人目
僉,人口个
僣,人土日亻
儉,人口个亻
刔,人大刂ユ
劍,人口个刂
匳,人匚口个
吶,人冂口
咎,人口夂
噬,人口工竹
嗇,人口囗土
墻,人口囗土
夐,人冂勹夂目
夾,人大
姨,人大女弓
孅,人女戈韭
峽,人大山
嶮,人口山个
巫,人工
從,人彳疋
怏,人冂大忄
愴,人口戸忄
懺,人戈韭忄
挾,人大扌
斂,人口攴个
昃,人厂日
暎,人冂大日艹
檢,人口木个
檣,人口囗土木
歛,人口欠个
殃,人冂大歹
殲,人戈歹韭
泱,人冂大氵
泅,人囗氵
洟,人大弓氵
浹,人大氵
滿,人入冂凵氵
瀲,人口攴个氵
炳,人冂火
牆,人口囗土爿
狹,人大犭
璞,人玉羊丷
痍,人大弓疒
瞼,人口目个
秧,人冂大禾
穡,人口囗土禾
筴,人大竹
筮,人工竹
篋,人匚大竹
簽,人口竹个
籤,人戈竹韭
縱,人土彳糸走亻
纖,人戈糸韭
羮,人大玉羊丷灬
肭,人冂月
腴,人日月臼
臉,人口月个
臾,人臼
艢,人口囗土舟
莢,人大艹
萸,人日臼艹
蓙,人土广艹
薔,人口囗土艹
蚋,人冂虫
衲,人冂衤
覡,人工見
訥,人冂言
誣,人工言
諛,人日臼言
讖,人戈言韭
賚,人八木貝
蹐,人冫口月癶足
蹼,人口玉羊足丷
銕,人大弓金
鋏,人大金个
陋,人冂阝.
陜,人大阝.
陝,人入大阝.
險,人口个阝.
靈,人口工雨
靹,人冂革
鞅,人冂凵口大革
鞆,人冂革
驗,人口馬个
鰮,人囗田皿魚灬
鵐,人工鳥灬
鶺,人冫月鳥灬
齒,人凵止
齡,人凵卩止齒个
綾,儿土夂糸
允,儿厶
胤,儿幺月
厩,儿厂牙艮
鋭,儿口金个丷
悦,儿口丷忄
閲,儿口門丷
塊,儿匕厶土田鬼
魁,儿厶斗田鬼
界,儿田个
芥,儿个艹
隔,儿冂口鬲阝.
兜,儿白
竃,儿土宀穴龜
冠,儿冖寸
勘,儿力匚甘
喚,儿冂勹口大
堪,儿匚土甘
換,儿冂勹大扌
翫,儿冫白羽元
輝,儿冖車尚
鬼,儿匕厶田
橘,儿冂口木矛
究,儿宀穴九
窮,儿宀弓穴身
競,儿口立
境,儿土日立音
況,儿口氵
鏡,儿日立金音
尭,儿十廾
暁,儿十廾日
空,儿宀工穴
窪,儿土宀穴氵
兄,儿口
見,儿目
虎,儿匕卜厂虍
光,儿尚
控,儿宀工穴扌
晃,儿日尚
腔,儿宀工月穴
克,儿十口
唆,儿厶口夂
堺,儿八土田
酸,儿厶夂酉
四,儿囗
呪,儿口
蒐,儿匕田鬼艹
醜,儿匕田酉鬼
祝,儿口礻
俊,儿厶夂亻
峻,儿厶夂山
竣,儿厶夂立
駿,儿厶夂馬
焼,儿十火
深,儿冖木氵
甚,儿甘
税,儿口禾丷
窃,儿刀匕宀穴
説,儿口言丷
穿,儿宀牙穴
窓,儿厶宀心穴
続,儿冖士糸
脱,儿口月丷
探,儿冖木扌
窒,儿厶土宀穴至
兆,儿冫
挑,儿冫扌
眺,儿冫目
跳,儿冫口足
銚,儿冫金
纏,儿土广糸里
党,儿冖口尚
桃,儿冫木
逃,儿冫辶
涜,儿冖士氵
禿,儿禾
読,儿冖士士言
突,儿大宀穴
廃,儿广癶
売,儿冖士
晩,儿日免
匹,儿匚
菱,儿土夂艹
彪,儿匕卜厂彡虍
勉,儿力免
娩,儿女免
貌,儿白豸
睦,儿土目
幌,儿巾日尚
魔,儿匕广木田鬼麻
融,儿冂口虫鬲
窯,儿宀玉穴羊丷灬
耀,儿彐隹尚
陸,儿土阝.
凌,儿冫土夂
稜,儿土夂禾
陵,儿土夂阝.
价,儿个亻
佻,儿冫亻
俛,儿亻免
倪,儿臼亻
倥,儿宀工穴亻
傀,儿匕厶田鬼亻
僥,儿土亻
兀,儿
兒,儿臼
兌,儿口丷
兢,儿十口
竸,儿日立音
冏,儿冂口
况,儿冫口
剋,儿十口刂
吮,儿厶口
啌,儿口宀工穴
圀,儿囗方
奐,儿冂勹大
姚,儿冫女
尅,儿十口寸
崚,儿土夂山
嵬,儿匕山田鬼
嶢,儿土山
巍,儿匕女山田禾鬼
帶,儿冖凵巾
廛,儿土广里
忱,儿冖尢忄
恍,儿尚忄
悛,儿厶夂忄
悗,儿忄免
愧,儿匕田鬼忄
憺,儿勹厂言忄
戡,儿匚戈甘
擔,儿厂言マ扌
撓,儿土扌
攜,儿冂口山隹扌
斟,儿匚斗甘
晄,儿日尚
晁,儿冫日
曉,儿土日
梭,儿厶夂木
椶,儿凵夂木
椹,儿匚木甘
槐,儿匕木田鬼
橈,儿土木
檐,儿厂木言
殼,儿冖土殳
泗,儿囗氵
洸,儿尚氵
淕,儿土氵
渙,儿冂大氵
滉,儿日尚氵
滯,儿冖凵巾氵
澆,儿土氵
濳,儿土日氵
澹,儿厂言氵
烱,儿冂口火
煥,儿冂大火
燒,儿土火
牘,儿囗士片貝
犢,儿囗士牛貝
猊,儿臼犭
獻,儿冂匕卜厂口犬虍鬲
琥,儿匕卜厂玉虍
瑰,儿匕玉田鬼
痲,儿十木疒
皃,儿白
皴,儿厶又夂皮
睨,儿目臼
瞻,儿勹厂目言
碪,儿匚口甘石
磽,儿口土石
禝,儿夂田礻
稷,儿夂田禾
穹,儿宀弓穴
窈,儿力宀幺穴
窗,儿囗夕宀穴
窕,儿冫宀穴
竈,儿土宀穴黽
窰,儿凵夕宀穴缶
竅,儿宀攴方白穴
竄,儿宀穴臼鼠
窿,儿夂宀生穴阝.
邃,儿宀穴豕丷辶
竇,儿冂士宀穴貝
竊,儿冂卜厶宀禸穴米釆
筅,儿土竹
箜,儿宀工穴竹
簷,儿厂竹言
糂,儿匚甘米
鬻,儿冂口弓米鬲
絖,儿糸尚
繞,儿土糸
續,儿囗士糸貝
纔,儿比糸
罕,儿冖干
羌,儿玉羊丷
翹,儿冫土羽
胱,儿月尚
膈,儿冂口月鬲
膣,儿厶土宀月穴至
膽,儿勹厂月言
莵,儿匕鬼艹
蔆,儿土夂氵艹
蔕,儿冖凵巾艹
蕘,儿土艹
薐,儿土夂禾艹
藐,儿日豸艹
號,儿勹匕卜厂口虍
蛻,儿口虫丷
蟯,儿土虫
蟾,儿厂虫言
裔,儿冂口衣
褫,儿匕卜厂虍衤
覿,儿囗士見貝
誂,儿冫言
謖,儿夂田言
譎,儿冂口矛言
譫,儿勹厂言
讀,儿囗士言貝
讒,儿口比言
貎,儿臼豸
贍,儿厂言貝
贖,儿囗士貝
躔,儿口土广田足
輓,儿車免
逡,儿厶夂辶
逵,儿土辶
遞,儿匕卜厂虍辶
遶,儿土辶
邊,儿宀方穴自辶
鍖,儿匚甘金
鐃,儿土金
鑁,儿凵夂金
隗,儿匕田鬼阝.
霓,儿臼雨
竟,儿日立音
餽,儿匕田食鬼
饒,儿土食
饕,儿匕卜厂口虍食
駟,儿囗馬
驍,儿土馬
鬩,儿臼鬥
鬲,儿冂口
魄,儿匕田白鬼
魏,儿匕女田禾鬼
魍,儿冂匕田鬼丷亡
魘,儿匕厂日月犬田鬼
鯢,儿田臼魚灬
鯱,儿匕卜厂田虍魚灬
鷸,儿冂口矛鳥灬
麑,儿广比臼鹿
黷,儿囗士貝里黒灬
堯,儿土
込,入辶
兪,入月个
叺,入口
圦,入土
杁,入木
柩,入匚木久
窩,入冂口宀穴
糴,入彐米隹
蹣,入冂凵口足
鳰,入鳥灬
異,八田井
溢,八皿丷尚氵
窺,八大宀穴見
叡,八冖卜又目
益,八皿丷
沿,八口氵
演,八宀田氵
鉛,八口金丷
翁,八冫厶羽
黄,八田
寡,八刀宀自
介,八个
貝,八目
基,八土甘
旗,八方甘
期,八月甘
棋,八木甘
欺,八欠甘
挙,八手尚
共,八
恭,八心井
興,八冂口臼
倶,八目亻
具,八目
虞,八匕卜厂口虍
穴,八宀
呉,八口
娯,八口女
誤,八口言
公,八厶
巷,八己井
港,八己氵井
塞,八土宀
斯,八斤甘
松,八厶木
訟,八厶言
慎,八十目忄
真,八十目
船,八口舟
全,八玉
曾,八日
総,八厶心糸
聡,八厶心耳
俗,八口谷个亻
其,八甘
只,八口
谷,八口个
鎮,八十目金丷
填,八十土目
顛,八十目貝頁
寅,八宀田
硲,八口石谷个
頒,八刀貝頁
鋲,八斤金丷
浜,八斤氵
貧,八刀貝
分,八刀
扮,八刀扌
紛,八刀糸
雰,八刀雨
兵,八斤
盆,八刀皿
槙,八十木目
箕,八甘竹
裕,八口谷个衤
輿,八臼車
容,八口宀穴谷个
溶,八口宀穴谷个氵
熔,八口宀火穴谷个
蓉,八口宀穴谷个艹
慾,八口心欠谷个
欲,八口欠谷个
浴,八口谷个氵
兮,八弓
卻,八卩口谷
厮,八厂斤甘
叭,八口
吩,八刀口
咫,八口尸
嗔,八十口目
嘶,八口斤甘
囂,八口自
囎,八口日田貝丷
壑,八冖卜又口土个
岔,八刀山
峪,八口山谷个
嶼,八山臼
巓,八十山目貝頁
廣,八广田黄
廝,八广斤甘
忿,八刀心
惧,八目忄
愼,八匕目忄
憙,八口士心豆
撕,八斤甘扌
擧,八手臼
擴,八广田黄扌
攀,八大手木爻
曠,八广日田黄
朞,八月甘
枩,八厶木
枌,八刀木
枳,八口木
梹,八斤木
棊,八木甘
榕,八口宀木穴个
歟,八欠臼
氛,八刀气
汾,八刀氵
浚,八厶夂氵
淇,八甘氵
淞,八厶木氵
濬,八冖卜目个氵
爨,八冂冖口木火
瓮,八厶瓦
瓰,八刀瓦
癜,八尸殳疒
癲,八十疒目貝頁
盻,八勹目
眞,八匕目
睿,八冖卜目个
瞋,八十目
礦,八口广田石黄
祺,八甘礻
稘,八甘禾
穃,八口宀禾穴个
簧,八田竹黄
籏,八方甘竹
臀,八尸月月殳
與,八臼
舩,八厶舟
芬,八刀艹
茣,八口艹
菘,八厶木艹
蓊,八冫厶羽艹
蚣,八厶虫
蜈,八口虫
諡,八勹皿言
譽,八臼言
谺,八口牙谷个
逧,八口谷个辶
邉,八冖口自辶
郤,八口谷个.阝
釁,八冂刀臼酉
釟,八金丷
釡,八金丷
鎰,八皿金丷
鎔,八口宀穴谷金个丷
鑛,八广田金黄
韆,八己襾革辶
頌,八厶貝頁
颶,八目風
騏,八甘馬
鬆,八厶彡木長髟
鰌,八田酉魚灬
鴪,八宀穴鳥灬
鶲,八冫厶羽鳥灬
鷆,八匕目鳥灬
鷏,八十目鳥灬
麌,八口广比鹿
麒,八广比甘鹿
黌,八冖爻田臼黄
黹,八冂丷
鼕,八冫十又口士夂支鼓
奥,冂大米
襖,冂大米衤
岡,冂山丷
禍,冂口礻
過,冂口辶
滑,冂冖月骨氵
桐,冂口木
愚,冂厶心田禸
偶,冂厶田禸亻
寓,冂厶宀田禸
遇,冂厶田禸辶
隅,冂厶日田禸阝.
献,冂十干犬丷
向,冂口
構,冂十木
溝,冂十氵
綱,冂山糸丷岡
講,冂十言
鋼,冂山金丷岡
剛,冂山丷刂岡
骨,冂冖月
周,冂口土
週,冂口土辶
尚,冂口
廠,冂口广攴尚
鯛,冂口土田魚灬
凋,冂冫口土
彫,冂口土彡
調,冂口土言
筒,冂口竹
同,冂口
洞,冂口氵
胴,冂口月
銅,冂口金
鍋,冂口金
南,冂十干丷
楠,冂十干木丷
幣,冂巾攴丷
箆,冂比竹
繭,冂糸虫風艹
網,冂糸丷亡
麗,冂广比鹿
侖,冂廾个冊
儷,冂广比鹿亻
囘,冂己
册,冂
刪,冂刂冊
厰,冂厂口攴尚
咼,冂口
喃,冂十口干丷
嚮,冂口艮.阝
堝,冂口土
墺,冂土大米
崗,冂凵山丷岡
幤,冂口巾攴尚
恫,冂口忄
惆,冂口土忄
惘,冂工丷忄
慵,冂广彐用聿忄
懊,冂大米忄
敞,冂口攴尚
斃,冂匕夕小巾攴丷尚
旃,冂方
暼,冂小巾攴日丷尚
棡,冂凵山木丷岡
淌,冂口尚氵
澳,冂大米氵
灑,冂广比鹿氵
炯,冂口火
燠,冂大火米
猾,冂冖月骨犭
瑁,冂玉目
瓊,冂夂玉目
磆,冂冖口月石骨
礇,冂口大石米
禺,冂日田禸
稠,冂口土禾
簓,冂十口彡竹
粡,冂口米
絅,冂口糸
綢,冂口土糸
萬,冂日田禸艹
萵,冂口艹
蜩,冂口土虫
蝸,冂口虫
辭,冂十又爪禸立辛
迥,冂口辶
遖,冂十干丷辶
雕,冂口士隹
霙,冂大雨艹
餉,冂口食
骭,冂冖干月骨
骰,冂冖月殳骨
骼,冂冖口夂月骨
髀,冂冖十月田骨
髑,冂冖勹月网虫骨
鶻,冂冖月骨鳥灬
鼈,冂小攴黽尚
愛,冖夂心爪
壱,冖匕士
運,冖車辶
営,冖口尚
栄,冖木尚
鴬,冖鳥尚灬
撹,冖見尚扌
殻,冖几士殳
覚,冖見尚
学,冖子尚
揮,冖車扌
帰,冖巾彐刂
軍,冖車
慶,冖夂广心
蛍,冖虫尚
穀,冖士殳禾
索,冖十糸
写,冖勹
受,冖又爪
授,冖又爪扌
綬,冖又爪糸
瞬,冖夕爪牛目舛
舜,冖夕爪牛舛
償,冖口貝亻尚
嘗,冖匕口日尚
掌,冖口手尚
裳,冖口衣尚
賞,冖口貝尚
冗,冖几
常,冖口巾尚
擾,冖夂心白扌
畳,冖田
侵,冖又彐亻
寝,冖又宀彐爿
浸,冖又彐氵
掃,冖巾彐扌
滞,冖巾氵
塚,冖土豕
堂,冖口土尚
婦,冖女巾彐
冨,冖口田
勃,冖力十子
夢,冖夕网艹
蒙,冖豕艹
優,冖夂心白亻
憂,冖夂心自
労,冖力尚
儚,冖夕网亻艹
儻,冖口里黒亻尚灬
冢,冖豕
冩,冖勹臼灬
冪,冖大巾日艹
勞,冖力火
噎,冖口士豆丷
營,冖口火
嚔,冖十口田疋
嚏,冖十口田疋
塋,冖土火
壺,冖士
壹,冖口士豆丷
孛,冖十士子
學,冖子臼
寢,冖又宀彐爿
帚,冖巾彐
彙,冖彐木田彑
悖,冖十子忄
愨,冖士心殳
懿,冖冫口士心欠豆丷
戞,冖戈自
撈,冖力火扌
擡,冖厶口土士至扌
暈,冖日車
暉,冖日車
曖,冖夂心日爪
曚,冖日豕艹
朦,冖月豕艹
棠,冖口木尚
榮,冖木火
榾,冖口月木骨
檬,冖木豕艹
鬱,冖凵匕彡木缶
歸,冖口巾彐止
殪,冖口士歹豆丷
渾,冖車氵
渤,冖力十子氵
濛,冖豕氵艹
犖,冖火牛
琿,冖玉車
瑩,冖火玉
甍,冖瓦网艹
甞,冖口甘尚
當,冖口田尚
疊,冖田目
疂,冖冫田目
癆,冖力火疒
皸,冖又皮車
皹,冖又皮車
瞠,冖口土目尚
瞹,冖夂心爪目
矇,冖目豕艹
礑,冖口田石尚
箒,冖巾彐竹
臺,冖厶口土士至
艨,冖舟豕艹
菷,冖巾彐艹
葷,冖車艹
蕣,冖夕爪舛艹
薨,冖匕夕网艹
薹,冖厶口土士至艹
螢,冖火虫
蟐,冖口巾虫尚
螳,冖口土虫尚
蟷,冖口田虫尚
蠑,冖木火虫
蠧,冖口士石虫
褌,冖車衤
襠,冖口田尚衤
覺,冖爻臼見
諢,冖言車
轂,冖士殳車
鐺,冖口田金尚
饐,冖口士豆食丷
駸,冖又彐馬
鶯,冖火鳥灬
鶤,冖車鳥灬
鷽,冖爻臼鳥灬
黨,冖口里黒尚灬
茨,冫欠艹
鰯,冫弓田魚灬
羽,冫
楽,冫木白
翰,冫十日羽个
凝,冫匕疋矢マ
冴,冫牙
姿,冫女欠
諮,冫口欠言
資,冫欠貝
次,冫欠
弱,冫弓
習,冫白羽
渋,冫止氵
准,冫隹
摺,冫白羽扌
凄,冫十女彐
摂,冫耳扌
扇,冫戸羽
煽,冫戸火羽
溺,冫弓氵
盗,冫欠皿
謬,冫彡羽言个
翻,冫田米羽釆
冶,冫厶口
薬,冫日木艹
翌,冫立羽
塁,冫土田
冷,冫卩个
冰,冫水
冽,冫歹刂
凅,冫十口囗
勠,冫力彡羽个
凖,冫十隹
咨,冫口欠
唹,冫口方个
嫋,冫女弓
寥,冫宀彡羽个
嵶,冫山弓
廖,冫广彡羽个
恣,冫心欠
慴,冫白羽忄
憑,冫心馬
戮,冫彡戈羽个
挧,冫羽扌
搦,冫弓扌
搨,冫日羽扌
摎,冫彡羽个扌
擽,冫木白扌
栩,冫木羽
榻,冫日木羽
樛,冫彡木羽个
檪,冫木白
歙,冫口欠羽个
淤,冫方个氵
瀚,冫十日羽个氵
爍,冫木火白
瓷,冫欠瓦
礫,冫口木白石
粢,冫欠米
繆,冫彡糸羽个
翅,冫十又支羽
翆,冫十羽九
翊,冫立羽
翕,冫口羽个
翔,冫羊羽丷
翡,冫羽非
翦,冫月羽丷刂
翳,冫匚殳矢羽
聚,冫又耳
膠,冫彡月羽个
蒻,冫弓艹
蓼,冫彡羽个艹
褶,冫白羽衤
軣,冫車
轢,冫木白車
醪,冫彡羽酉个
鈞,冫勹金
鏐,冫彡羽金个
鑠,冫木白金
閼,冫方門个
韵,冫勹日立音
馮,冫馬
鮗,冫夂田魚灬
鯲,冫方田魚个灬
鶸,冫弓鳥灬
凱,几口山豆丷
馨,几又士日禾香
机,几木
飢,几食
拠,几夂扌
夙,几歹
処,几夂攴
凪,几止
肌,几月
鳳,几鳥灬
猟,几用尚犭
佩,几巾亻
處,几匕卜厂夂虍
凩,几木
凰,几玉白
咒,几口
珮,几巾玉
薇,几山彳攴艹
諷,几虫言風
頽,几禾貝頁
鳧,几鳥灬
鳬,几鳥
凹,凵
画,凵田
缶,凵山
歯,凵止米齒
淘,凵勹缶氵
悩,凵尚忄
脳,凵月尚
函,凵水
揺,凵干爪缶扌
謡,凵干爪缶言
遥,凵干爪缶辶
齢,凵卩止米齒个
凾,凵又口
匈,凵勹
啣,凵卩口止缶
嚥,凵匕口爿灬
寶,凵宀玉缶貝
屆,凵土士尸
徭,凵夕彳缶
恟,凵勹忄
掣,凵巾手牛缶刂
掏,凵勹缶扌
搖,凵夕缶扌
旆,凵巾干方缶
洶,凵勹氵
涵,凵水氵
瑶,凵爪玉缶
綯,凵勹糸缶
缸,凵工缶
罌,凵缶貝
罍,凵田缶
罐,凵口缶隹艹
臙,凵匕口月爿灬
艷,凵口山色豆丷
蓆,凵巾广艹
蔗,凵广艹灬
謠,凵夕缶言
讌,凵匕口爿言灬
豐,凵口山豆丷
蹠,凵口广足灬
鬯,凵匕
鷂,凵夕缶鳥灬
鷓,凵广鳥灬
齔,凵匕止米齒
齣,凵勹口止米齒
齟,凵止目米齒
齠,凵刀口止米齒
齦,凵止米艮齒
齬,凵口止米齒五
齪,凵口止米足齒
齷,凵厶土尸止米至齒
解,刀牛角
拐,刀口扌
蟹,刀牛虫角
初,刀衤
召,刀口
招,刀口扌
昭,刀口日
沼,刀口氵
照,刀口日灬
紹,刀口糸
詔,刀口言
切,刀匕
超,刀口土走
粉,刀米丷
辺,刀辶
貿,刀厶貝
溜,刀厶田氵
留,刀厶田
瑠,刀厶玉田
刄,刀
刧,刀厶土
剪,刀月丷刂
劈,刀十口尸立辛
辧,刀十立辛
劭,刀力口
叨,刀口
囹,刀囗个
屶,刀山
廨,刀广牛角
彜,刀廾彐米丷彑
懈,刀牛角忄
挈,刀土手
朷,刀木
枴,刀口木
榴,刀厶木田
瘤,刀厶田疒
砌,刀匕口石
竕,刀立丷
籀,刀厶田竹扌
粱,刀米丷氵
茘,刀艹
蠏,刀牛虫角
貂,刀口豸
迢,刀口辶
邂,刀牛角辶
邵,刀口.阝
釖,刀金
霤,刀厶田雨
靱,刀革
韶,刀口日立音
髫,刀口彡長髟
鰡,刀厶田魚灬
甥,力生田
伽,力口亻
加,力口
嘉,力口士
架,力口木
茄,力口艹
迦,力口辶
賀,力口貝
駕,力口馬
協,力十
脅,力月
勤,力口土艹
筋,力月竹
袈,力口衣
功,力工
劫,力厶土
捌,力口刂扌
助,力目
鋤,力目金
男,力田
努,力又女
別,力口刂
募,力大日艹
務,力夂矛
霧,力夂矛雨
勇,力田マ
湧,力田マ氵
幼,力幺
虜,力匕卜厂田虍
励,力厂斤
肋,力月
脇,力月
仂,力亻
劬,力勹口
劼,力口士
勁,力巛工
勗,力日目
勦,力木田尚
飭,力食
勵,力厂田禸
勸,力十口隹艹
娚,力女田
嬲,力女田
嫐,力女田
恊,力忄
懃,力心艹
拗,力幺扌
朸,力木
枷,力口木
沒,力又氵
珈,力口玉
痂,力口疒
笳,力口竹
舅,力田臼
莇,力目艹
跏,力口足
踴,力口田足マ
釛,力金
勒,力革
黝,力幺里黒灬
絢,勹日糸
易,勹日勿
謁,勹匕日言
鈎,勹厶金
潟,勹臼氵灬
喝,勹匕口日
渇,勹匕日氵
葛,勹匕日艹
褐,勹匕日衤
鞄,勹己革
危,勹厂
掬,勹米扌
菊,勹米艹
鞠,勹米革
急,勹彐心
朽,勹木
驚,勹口夂攴馬艹
句,勹口
狗,勹口犭
駒,勹口馬
掲,勹匕日扌
敬,勹口攴艹
警,勹口夂攴言艹
勾,勹厶
巧,勹工
拘,勹口扌
衡,勹大彳田行
号,勹口
忽,勹心勿
旬,勹日
殉,勹日歹
象,勹口豕
燭,勹火网虫
色,勹巴
趨,勹土屮走
雛,勹屮隹
脆,勹厂月
像,勹口豕亻
濁,勹网虫氵
陶,勹缶阝.
萄,勹缶艹
匂,勹匕
負,勹貝
葡,勹十用艹
物,勹牛勿
吻,勹口勿
包,勹己
庖,勹己广
抱,勹己扌
泡,勹己氵
砲,勹口己石
胞,勹己月
飽,勹己食
与,勹卜
佝,勹口亻
偈,勹匕日亻
刎,勹刂勿
甸,勹田
匐,勹口田
咆,勹口己
啗,勹口臼
囑,勹口尸网虫
垉,勹土己
寫,勹宀臼灬
屬,勹尸网虫
徇,勹彳日
怐,勹口忄
恂,勹日忄
曷,勹匕日曰
枸,勹口木
枹,勹己木
栲,勹木老
椈,勹木米
檠,勹口攴木艹
歇,勹匕日欠
歿,勹又歹
洵,勹日氵
瀉,勹宀臼氵灬
炮,勹己火
煦,勹口日灬
獨,勹网虫犭
疱,勹己疒
皰,勹又己皮
皺,勹又屮皮
矚,勹尸目网虫
碣,勹匕口日石
竭,勹匕日立
筍,勹日竹
粤,勹囗米
羯,勹匕日玉羊丷
臈,勹匕日月艹
芻,勹屮艹
苟,勹口艹
苞,勹己艹
荀,勹日艹
萢,勹己氵艹
蒭,勹屮艹
蒟,勹口立艹
蔔,勹口田艹
藜,勹水禾黍个艹
藹,勹匕日言艹
蚫,勹己虫
蜀,勹网虫
蝎,勹匕日虫
蠍,勹匕日欠虫
袍,勹己衤
觸,勹网虫角
詢,勹日言
鞫,勹言革
跪,勹卩厂口足
躅,勹口网虫足
遏,勹匕日辶
鄒,勹屮艹.阝
鉤,勹口金
鉋,勹己金
閻,勹臼門
陷,勹臼阝.
雹,勹己雨
靄,勹匕日言雨
靤,勹己面
鞨,勹匕日革
髱,勹己彡長髟
鮑,勹己田魚灬
麁,勹广比鹿
麭,勹夂己麥
嘘,匕卜厂口虍
姥,匕女老
穎,匕禾貝頁
頴,匕示貝頁
燕,匕口爿艹灬
化,匕亻
花,匕亻艹
貨,匕貝亻
椛,匕木亻艹
戯,匕卜厂戈虍
擬,匕疋矢マ扌
疑,匕疋矢マ
虐,匕匚卜厂虍
虚,匕卜厂虍
靴,匕革亻
熊,匕厶月灬
傾,匕貝頁亻
稽,匕日禾尤
詣,匕日言
劇,匕卜厂虍豕刂
此,匕止
頃,匕貝頁
砦,匕口止石
匙,匕日
屍,匕夕尸歹
指,匕日扌
旨,匕日
死,匕夕歹
紫,匕止糸
脂,匕日月
雌,匕止隹
叱,匕口
柴,匕木止
蛇,匕宀虫
葬,匕夕廾艹
詑,匕宀言
柁,匕宀木
舵,匕宀舟
陀,匕宀阝.
態,匕厶心月
泥,匕尸氵
鴇,匕十鳥灬
尼,匕尸
能,匕厶月
背,匕月爿
櫨,匕卜厂木田皿虍
罷,匕厶月网
髭,匕彡止長髟
膚,匕卜厂月田虍
北,匕爿
牝,匕牛
慮,匕卜厂心田虍
佗,匕宀亻
呰,匕口止
嘴,匕口止角
囮,匕囗亻
埖,匕土亻艹
它,匕宀
嶷,匕山疋矢
廬,匕卜厂广田皿虍
怩,匕尸忄
戲,匕卜厂口戈虍豆丷
據,匕卜厂虍豕扌
擺,匕厶月网扌
昵,匕尸日
歔,匕卜厂欠虍丷
沱,匕宀氵
潁,匕水貝頁
瀘,匕卜厂田皿虍氵
爐,匕卜厂火田皿虍
疵,匕止疒
瘧,匕卜厂疒虍
癡,匕疋疒矢
皀,匕白
盧,匕卜厂田皿虍
眤,匕尸目
眥,匕止目
眦,匕止目
硴,匕口石亻艹
礙,匕口疋矢石マ
糀,匕米亻艹
羆,匕厶月网灬
肄,匕矢聿
臚,匕卜厂月田皿虍
艫,匕卜厂田皿舟虍
葹,匕方艹也
蘆,匕卜厂田皿虍艹
虍,匕卜厂
虔,匕卜厂文虍
觜,匕止角
訛,匕言亻
謔,匕匚卜厂虍言
貲,匕止貝
轤,匕卜厂田皿虍車
遽,匕卜厂虍豕辶
醵,匕卜厂虍豕酉
釶,匕金也
鉈,匕宀金
錵,匕金个亻艹
鑢,匕卜厂心田虍金
鑪,匕卜厂田皿虍金
顱,匕卜厂田皿虍貝頁
駝,匕宀馬
驢,匕卜厂田皿虍馬
髢,匕彡長髟也
鮨,匕日田魚灬
鱸,匕卜厂田皿虍魚灬
鴕,匕宀鳥灬
医,匚矢
堰,匚土女日
巨,匚
拒,匚扌巨
渠,匚木氵巨
距,匚口足巨
匡,匚玉
匠,匚斤
臣,匚
枢,匚木
匝,匚巾
匪,匚非
偃,匚女日亻
傴,匚口亻品
匯,匚隹氵
匱,匚貝
區,匚口品
嘔,匚口品
奩,匚口大品
嫗,匚口女品
嶇,匚口山品
框,匚木玉
榧,匚木非
樞,匚口木品
櫃,匚木貝
歐,匚口欠品
毆,匚口殳品
炬,匚火巨
煕,匚己臣灬
甌,匚口瓦
筐,匚玉竹
箍,匚巾竹扌
謳,匚口言品
醫,匚殳矢酉
頤,匚臣貝頁
驅,匚口馬品
熙,匚口己灬
梓,十木立辛
斡,十斗日个
箇,十口囗竹
壊,十土网衣
懐,十网衣忄
革,十口廾
叶,十口
干,十
幹,十干日个
韓,十口日韋
伎,十又支亻
岐,十又山支
妓,十又女支
技,十又支扌
居,十口尸
鋸,十口尸金
粁,十干米
苦,十口艹
計,十言
戟,十戈日
個,十口囗亻
古,十口
固,十口囗
姑,十口女
故,十口攴
枯,十口木
湖,十口月氵
糊,十口月米
胡,十口月
鈷,十口金
鼓,十又口士支豆丷
瑚,十口月玉
醐,十口月酉
降,十夂阝.
宰,十宀立辛
支,十又
枝,十又支木
肢,十又支月
辞,十口立舌辛
什,十亻
汁,十氵
循,十厂彳斤目
楯,十厂斤木目
準,十隹氵
盾,十厂斤目
彰,十彡日立音
樟,十日木立音
章,十日立音
障,十日立音阝.
埴,十土目
植,十木目
殖,十歹目
辛,十立
針,十金
迅,十辶
粋,十米九
酔,十酉九
据,十口尸扌
裾,十口尸衤
棲,十女彐木
蝉,十田虫尚
専,十寸田
戦,十戈田尚
禅,十田尚礻
早,十日
草,十日艹
賊,十戈貝
騨,十田馬尚
卓,十卜日
単,十田尚
箪,十田竹尚
弾,十弓田尚
置,十目网
衷,十口衣
朝,十日月
潮,十日月氵
聴,十心网耳
辻,十辶
潰,十口貝氵
悼,十卜日忄
徳,十彳心网
遁,十厂斤目辶
牌,十片田
隼,十隹
卑,十田
碑,十口田石
避,十口尸立辛辶
稗,十田禾
廟,十广日月
阜,十
噴,十口貝艹
墳,十土貝艹
憤,十貝忄艹
僻,十口尸立辛亻
壁,十口土尸立辛
癖,十口尸疒立辛
穂,十心田禾
膨,十口土彡月豆丷
枠,十木九
估,十口亻
倨,十口尸亻
伜,十亻九
倬,十卜日曰亻
俾,十田亻
做,十口攴亻
僂,十女亻
僖,十口士豆亻丷
卆,十九
卉,十廾
叟,十又支臼
啅,十卜口日
單,十口田
嘲,十口日月
囀,十厶口寸田車
團,十厶囗寸
夲,十大
婢,十女田
嬖,十口女尸立辛
專,十厶寸田虫
屐,十又尸彳支
嶂,十山日曰立音
廳,十广心玉网耳
廰,十广心网耳
悳,十心目
怙,十口忄
忰,十九忄
懽,十口隹忄艹
掉,十卜日曰扌
摶,十厶寸日虫扌
擘,十口尸手立辛
棹,十卜日木
楜,十口月木
權,十口木隹艹
槹,十斗木白
槫,十厶寸日木虫
橲,十口士木豆丷
檗,十口尸木立辛
蘗,十口尸木立辛艹
蘖,十口木立辛艹
欟,十口木見隹艹
歡,十口欠隹艹
殫,十口歹田
沽,十口氵
涸,十口囗氵
滓,十宀立辛氵
溲,十又支日氵
灌,十口隹氵艹
滷,十卜囗鹵氵
潭,十日曰襾氵
澎,十口土彡豆丷氵
澣,十干日个氵
濆,十貝氵艹
熹,十口士豆丷灬
璋,十日曰玉立音
璧,十口尸玉立辛
瓣,十瓜立辛
瓧,十瓦
甓,十口尸瓦立辛
痼,十口囗疒
痺,十田疒
瘴,十日曰疒立音
皋,十大白
睥,十田目
瞽,十又口士支目豆鼓丷
禧,十口士豆丷礻
稙,十目禾
竍,十立
簟,十日曰竹襾
籵,十米
綽,十卜日糸
縡,十宀立糸辛
辮,十立糸辛
罩,十卜日网
聽,十心玉网耳
脾,十月田
臂,十口尸月立辛
葫,十口月艹
蕈,十日曰襾艹
薜,十口尸立辛艹
蛄,十口虫
蝴,十口月虫
蠎,十大廾虫艹
裨,十田衤
襌,十口田衤
褝,十田尚衤
襞,十口尸立衣辛
覃,十日襾
觀,十口見隹艹
詁,十口言
譚,十日曰襾言
譬,十口尸立言辛
讙,十口言隹艹
貭,十厂貝
賁,十貝艹
跂,十又口支足
踞,十口尸足
躄,十口尸立足辛
轉,十寸田虫車
辜,十口立辛
辟,十口尸立辛
辯,十立言辛
錮,十口囗金
鐔,十日曰襾金
鑵,十口金隹艹
闡,十口田門
闢,十口尸立辛門
霹,十口尸立辛雨
顴,十口貝隹頁艹
餬,十口月食
驩,十口隹馬艹
鱆,十日田立音魚灬
鱚,十口士田豆魚丷灬
鴣,十口鳥灬
鵯,十田鳥灬
鸛,十口隹鳥艹灬
鹵,十囗
鹽,十囗皿臣鹵
鮎,卜口田魚
外,卜夕
掛,卜土扌
砧,卜口石
卦,卜土
罫,卜土网
寂,卜又宀小
叔,卜又小
淑,卜又小氵
上,卜
占,卜口
帖,卜口巾
偵,卜貝亻
貞,卜貝
禎,卜貝礻
店,卜口广
貼,卜口貝
点,卜口灬
督,卜又小目
苫,卜口艹
粘,卜口米
赴,卜土走
朴,卜木
仆,卜亻
俶,卜又小亻
圷,卜土
垰,卜土
岾,卜口山
幀,卜巾貝
拈,卜口扌
梺,卜木
椒,卜又小木
槭,卜小戈木
沾,卜口氵
濾,卜厂心田氵
碵,卜口石貝
站,卜口立
笘,卜口竹
粲,卜又夕米
菽,卜又小艹
裃,卜衤
褂,卜土衤
覘,卜口見
訃,卜言
迯,卜夕辶
遉,卜貝辶
閇,卜門
霑,卜口雨氵
鞐,卜革
颪,卜風
黏,卜口黍
點,卜口里黒灬
宛,卩夕宀
卯,卩
怨,卩夕心
苑,卩夕艹
鴛,卩夕鳥灬
却,卩厶土
脚,卩厶土月
禦,卩彳止示
卿,卩艮
仰,卩亻
櫛,卩木竹艮
迎,卩辶
昂,卩日
節,卩竹艮
即,卩艮
叩,卩口
服,卩又月
命,卩口个
厄,卩厂
柳,卩木
抑,卩扌
領,卩貝頁个
令,卩个
嶺,卩山貝頁个
怜,卩个忄
玲,卩玉个
苓,卩个艹
鈴,卩金个
零,卩雨个
椀,卩夕宀木
碗,卩口夕宀石
腕,卩夕宀月
卮,卩厂
夘,卩夕
喞,卩口艮
婉,卩夕女宀
扼,卩厂扌
掵,卩口个扌
昴,卩日
澪,卩雨个氵
笵,卩竹氵
箙,卩又月竹
羚,卩玉羊个丷
聊,卩耳
聆,卩耳个
范,卩氵艹
蛉,卩虫个
蜿,卩夕宀虫
詭,卩厂言
豌,卩口夕宀豆丷
軛,卩厂車
鋺,卩夕宀金
阨,卩厂阝.
餾,卩厶田食
鮠,卩厂田隹魚灬
鴒,卩鳥个灬
圧,厂土
厭,厂日月犬
仮,厂又亻
恢,厂火忄
灰,厂火
崖,厂土山
涯,厂土氵
蛎,厂斤虫
岸,厂山干
巌,厂山攴耳尚
贋,厂貝隹亻
雁,厂隹亻
願,厂小白貝頁
原,厂小白
厳,厂攴耳尚
源,厂小白氵
厚,厂子日
坂,厂又土
阪,厂又阝.
辱,厂寸衣辰
唇,厂口衣辰
娠,厂女衣辰
振,厂衣辰扌
震,厂衣辰雨
厨,厂口寸豆丷
糎,厂米里
辰,厂衣
炭,厂山火
砺,厂口斤石
栃,厂斤木
派,厂斤氵
反,厂又
叛,厂又丷
板,厂又木
版,厂又片
班,厂土玉
販,厂又貝
飯,厂又食
備,厂用亻艹
返,厂又辶
脈,厂斤月
厘,厂里
暦,厂广日木麻
歴,厂广木止麻
蕨,厂屮欠丷艹
儼,厂口攴耳亻
厠,厂貝刂
厦,厂夂自
厥,厂屮欠丷
啀,厂口土
嚴,厂口攴耳
壓,厂土日月犬
壥,厂土里黒灬
宸,厂宀衣辰
崕,厂土山
巖,厂口山攴耳
巵,厂巴
愿,厂小心白
憊,厂心用亻艹
梔,厂木巴
櫪,厂木止
殷,厂殳
汳,厂又氵
瀝,厂木止氵
獗,厂屮欠丷犭
甅,厂瓦里
癧,厂木止疒
皈,厂又白
睚,厂土目
礪,厂口田石禸艹
竰,厂立里
糒,厂用米艹
糲,厂田禸米艹
纒,厂土糸里黒灬
蠣,厂田禸虫艹
詼,厂火言
詬,厂口言
蹶,厂口屮欠足丷
軅,厂身隹亻
轣,厂木止車
逅,厂口辶
鈑,厂又金
靂,厂木止雨
靨,厂日犬目面
鞴,厂用革艹
顏,厂彡文貝頁
鴈,厂鳥亻灬
鳫,厂鳥灬
黶,厂日犬里黒灬
挨,厶矢扌
握,厶土尸至扌
渥,厶土尸至氵
鯵,厶大彡田魚灬
飴,厶口食
瓜,厶
屋,厶土尸至
蓋,厶土皿艹
拡,厶广扌
去,厶土
強,厶弓虫
怯,厶土忄
広,厶广
弘,厶弓
鉱,厶广金
砿,厶口广石
参,厶彡
惨,厶彡忄
始,厶口女
私,厶禾
至,厶土
治,厶口氵
室,厶土宀至
怠,厶口心
胎,厶口月
苔,厶口艹
台,厶口
致,厶土攴至
倒,厶土至亻刂
套,厶大長
到,厶土至刂
蛭,厶土至虫
払,厶扌
仏,厶亻
弁,厶廾
法,厶土氵
鉾,厶牛金
殆,厶口歹
牟,厶牛
姪,厶土女至
劉,厶金刂
俟,厶矢亻
傳,厶寸田亻
參,厶彡个
簒,厶大目竹
咥,厶口土至
嚠,厶口金刂
垤,厶土至
埃,厶土矢
峅,厶山廾
幄,厶土尸巾至
怡,厶口忄
慘,厶彡个忄
抬,厶口扌
昿,厶广日
桎,厶土木至
桙,厶木牛
椡,厶土木至刂
榁,厶土宀木至
欸,厶欠矢
泓,厶弓氵
溘,厶土皿氵
滲,厶大彡氵
琺,厶土玉氵
畚,厶大田
盍,厶土皿
眸,厶牛目
矣,厶矢
竢,厶矢立
笞,厶口竹
絋,厶广糸
紿,厶口糸
緻,厶土攴糸至
繦,厶弓糸虫
耋,厶土老至
肆,厶聿長
腟,厶土宀月至
蔘,厶大彡艹
襁,厶弓虫衤
詒,厶口言
貽,厶口貝
輊,厶土至車
闔,厶土皿門
颱,厶口風
駘,厶口馬
驂,厶大彡馬
鰺,厶彡田魚个灬
鵄,厶土至鳥灬
鴾,厶牛鳥マ灬
鰻,又日田网魚灬
暇,又日
蝦,又口虫
霞,又雨
怪,又土忄
獲,又隹犭艹
穫,又禾隹艹
樫,又土木臣
鰹,又土田臣魚灬
極,又口木
緊,又糸臣
桑,又木
径,又土彳
経,又土糸
茎,又土艹
軽,又土車
頚,又土貝頁
堅,又土臣
賢,又臣貝
護,又言隹艹
最,又日耳
撮,又日耳扌
燦,又夕火米
餐,又夕食
取,又耳
趣,又土耳走
叙,又禾个
腎,又月臣
諏,又耳言
頗,又皮貝頁
隻,又隹
叢,又玉羊耳丷
掻,又虫扌
痩,又疒
騒,又虫馬
竪,又立臣
綴,又糸
渡,又广氵
鍍,又广金
度,又广
奴,又女
怒,又女心
畷,又田
蚤,又虫
波,又皮氵
破,又口皮石
婆,又女皮氵
彼,又彳皮
披,又皮扌
疲,又疒皮
皮,又
被,又皮衤
簸,又甘皮竹
慢,又日网忄
漫,又日网氵
蔓,又日网艹
雙,又隹
曼,又日网
燮,又火言
呶,又口女
啜,又口
坡,又土皮
娵,又女耳
娶,又女耳
孥,又女子
帑,又女巾
幔,又巾日网
弩,又女弓
慳,又土臣忄
拏,又女手
掫,又耳扌
攫,又目隹扌
樶,又日木耳
玻,又玉皮
矍,又目隹
碆,又口皮石氵
縵,又日糸网
艘,又支日舟
菠,又皮氵艹
蘰,又日糸网艹
蠖,又虫隹艹
謾,又日网言
豎,又口臣豆丷
跛,又口皮足
輙,又耳車
輟,又車
錣,又金
鏗,又土臣金
鏝,又日网金
钁,又目金隹
陂,又皮阝.
陬,又耳阝.
鞁,又皮革
饅,又日网食
馭,又馬
駑,又女馬
驟,又耳衣馬
髮,又彡攴長髟
鬘,又彡日网長髟
姶,口女个
葦,口韋艹
或,口戈
袷,口个衤
杏,口木
偉,口韋亻
緯,口糸韋
違,口韋辶
遺,口貝辶
域,口土戈
咽,口囗大
員,口貝
韻,口日立貝音
吋,口寸
碓,口石隹
唄,口貝
噂,口寸襾丷
衛,口彳行韋
園,口囗土衣
猿,口土衣犭
薗,口囗土衣艹
遠,口土衣辶
塩,口土皿
回,口囗
廻,口囗廴
碍,口寸日石
鎧,口山豆金丷
嚇,口土赤
各,口夂攴
格,口夂木
確,口宀石隹
閣,口夂門
額,口夂宀貝頁
恰,口个忄
噛,口止米齒
侃,口巛亻
官,口宀
棺,口宀木
漢,口大氵艹
環,口玉网衣
管,口宀竹
還,口网衣辶
館,口宀食
舘,口宀干个
含,口个
癌,口山疒品
岩,口山石
喜,口士豆丷
器,口大
嬉,口士女豆丷
吉,口士
桔,口士木
詰,口士言
客,口夂宀
宮,口宀
給,口糸个
局,口尸
僅,口土亻艹
謹,口土言艹
吟,口个
喰,口食
轡,口糸車
繰,口木糸品
群,口玉羊丷
郡,口.阝
啓,口戸攴
憩,口心自舌
結,口士糸
喧,口宀日
硯,口石見
絹,口月糸
吾,口五
悟,口忄
梧,口木
語,口言
喉,口矢亻
閤,口門个
合,口个
哉,口土戈
鷺,口夂足鳥灬
磁,口幺石丷
蔀,口立艹.阝
舎,口土个
捨,口土个扌
樹,口土寸木豆丷
拾,口个扌
輯,口耳車
獣,口犬田尚
恕,口女心
哨,口月尚
唱,口日
硝,口月石尚
礁,口石隹灬
嘱,口尸禸
尋,口寸工彐
逗,口豆丷辶
吹,口欠
澄,口癶豆丷氵
聖,口玉耳
石,口
碩,口石貝頁
舌,口
善,口玉羊丷
繕,口玉糸羊丷
膳,口月玉羊丷
噌,口日田丷
礎,口木疋石
創,口个刂
操,口木扌品
槍,口木个
燥,口木火品
藻,口木氵艹品
促,口足亻
捉,口足扌
足,口
損,口貝扌
啄,口豕
拓,口石扌
歎,口大欠艹
短,口矢豆丷
知,口矢
智,口日矢
痴,口疒矢
蜘,口矢虫
喋,口木世
柘,口木石
吊,口巾
呈,口玉
碇,口宀疋石
程,口玉禾
哲,口斤扌
甜,口甘舌
吐,口土
妬,口女石
登,口癶豆丷
砥,口氏石
塔,口土个艹
宕,口宀石
搭,口个扌艹
燈,口火癶豆丷
痘,口疒豆丷
答,口竹个
糖,口广米
豆,口丷
踏,口日水足
鐙,口癶豆金丷
頭,口豆貝頁丷
闘,口寸豆門丷
噸,口貝頁屯
如,口女
倍,口立亻
培,口土立
賠,口立貝
陪,口立阝.
筈,口竹舌
蛤,口虫个
磐,口殳石舟
逼,口田辶
品,口
富,口宀田
部,口立.阝
葺,口耳艹
蕗,口夂足艹
副,口田刂
幅,口巾田
福,口田礻
碧,口玉白石
保,口木亻
菩,口立艹
呆,口木
剖,口立刂
吠,口犬
釦,口金
磨,口广木石麻
哩,口里
麿,口广木麻
民,口氏
眠,口氏目
名,口夕
銘,口夕金
鳴,口鳥灬
問,口門
躍,口彐足隹
唯,口隹
揖,口耳扌
邑,口巴
踊,口用足マ
洛,口夂氵
絡,口夂糸
落,口夂氵艹
酪,口夂酉
略,口夂田
呂,口
賂,口夂貝
路,口夂足
露,口夂足雨
和,口禾
話,口舌言
惑,口心戈
佶,口士亻
儔,口士寸工亻
刮,口舌刂
剴,口山豆丷刂
剳,口个刂艹
呀,口牙
听,口斤
吝,口文
呎,口尸
呱,口瓜
咀,口目
咐,口寸亻
哇,口土
哈,口个
哂,口襾
咾,口老
哘,口彳行
唔,口五
哮,口子老
哭,口犬
哢,口廾玉
售,口隹
啖,口火
唸,口心个
唳,口大戸
啝,口禾
喙,口彐豕
喀,口夂宀
咯,口夂
喟,口月田
啾,口火禾
喩,口月个刂
嗚,口鳥灬
嗅,口大自
嗄,口夂自
嗜,口日老
嗤,口山虫
嗷,口土攴方
嗾,口方矢
嘛,口广木麻
嗹,口車辶
噐,口工
噫,口心日立音
噤,口木示
噪,口木品
嚀,口宀心网
嚊,口廾田自鼻
嚶,口女貝
嚼,口寸爪网艮
囁,口耳
圄,口囗五
國,口囗戈
圍,口囗韋
圓,口囗貝
圖,口囗
圜,口囗网衣
堡,口土木亻
壽,口士寸工
娟,口女月
嫦,口女巾尚
寤,口宀爿五
寰,口宀网衣
岷,口山氏
峇,口山个
嵒,口山品
嶝,口山癶豆丷
幃,口巾韋
幗,口囗巾戈
廚,口士寸广豆丷
廱,口巛广隹巴
彭,口土彡豆丷
徊,口囗彳
恪,口夂忄
恬,口舌忄
悁,口月忄
悒,口忄巴
悋,口文忄
愍,口心攴氏
慥,口土忄辶
憇,口心甘舌
懆,口木忄品
扣,口扌
拿,口手个
挌,口夂扌
拮,口士扌
捐,口月扌
搶,口戸个扌
擱,口夂門扌
擣,口士寸工扌
晤,口日五
檮,口士寸工木
梠,口木
桾,口尸彐木
椥,口木矢
楫,口木耳
榿,口山木豆丷
橙,口木癶豆丷
櫚,口木門
櫺,口木雨
殕,口歹立
殞,口歹貝
氓,口氏亡
泯,口氏氵
洽,口个氵
洳,口女氵
涓,口月氵
濤,口士寸工氵
滄,口戸个氵
滬,口戸氵巴
漱,口木欠氵
潯,口寸工彐氵
澡,口木氵
烙,口夂火
焙,口火立
牾,口牛五
狢,口夂犭
狷,口月犭
獸,口犬田
獺,口木貝頁犭
珞,口夂玉
珸,口玉
畧,口夂田
疇,口士寸工田
瘡,口尸疒个
癩,口木疒貝頁
癰,口巛疒隹巴
皚,口山白豆丷
盒,口皿个
矼,口工石
砒,口比石
砠,口目石
硅,口土石
硼,口月石
碚,口石立
碌,口彐水石隶
碯,口囗巛石
磑,口山石豆丷
磋,口工玉石羊丷
磔,口夕木石舛
碼,口石馬
磊,口石
磬,口士尸殳石
磴,口癶石豆丷
礬,口大木爻石
筥,口竹
箚,口竹个刂
篩,口巾竹
籌,口士寸工竹
粭,口米个
絮,口女糸
絽,口糸
緝,口糸耳
緡,口日氏糸
纈,口士糸貝頁
罟,口士网
罠,口氏网
羂,口月糸网
聒,口耳舌
聟,口矢耳
膕,口囗戈月
舍,口舌个
舐,口氏舌
艙,口尸舟个
茴,口囗艹
茖,口夂艹
茹,口女艹
荅,口个艹
茗,口夕艹
莟,口个艹
荳,口豆丷艹
葆,口木亻艹
蕁,口寸工彐艹
蛔,口囗虫
蛞,口舌虫
蝠,口田虫
雖,口虫隹
蟶,口玉耳虫
衙,口彳行五
衞,口巾彳行
袁,口土衣
褓,口木亻衤
襭,口土貝頁衤
覬,口山見豆丷
諱,口言韋
證,口癶言豆丷
譟,口木言品
谿,口大幺爪谷个丷
豈,口山豆丷
貉,口夂豸
贏,口月貝亡
趾,口止足
跖,口石足
跟,口艮足
跼,口尸足
踉,口艮足
跿,口土走足
踝,口木田足
踐,口戈足
踟,口矢足
蹂,口木矛足マ
踰,口月足个刂
蹊,口大幺爪足
蹉,口工玉羊足丷
蹌,口尸足个
蹈,口爪臼足
蹤,口彳疋足丷
踪,口宀示足
蹲,口寸足酉丷
躁,口木足品
躇,口日老足艹
躊,口士寸工足
躓,口斤貝足
躑,口大足酉丷.阝
躙,口足門隹
躪,口足門隹艹
躡,口耳足
輅,口夂車
輻,口田車
轅,口土彳行衣車
迴,口囗辶
逞,口玉辶
郢,口玉.阝
扈,口戸.阝巴
鄙,口囗.阝
酩,口夕酉
酲,口玉酉
鉐,口石金
銛,口舌金
鐶,口网衣金
鐵,口土戈玉金
鐡,口土戈豆金丷
鑄,口士寸工金
閭,口門
閾,口戈門
闊,口舌門氵
濶,口舌門氵
隕,口貝阝.
鞳,口革个艹
韋,口
韜,口爪臼韋
頡,口士貝頁
頷,口貝頁个
馘,口戈目自首丷
駱,口夂馬
髻,口士彡長髟
鬟,口彡网衣長髟
鬪,口寸豆鬥丷
鮖,口田石魚灬
鴿,口鳥个灬
鵑,口月鳥灬
黠,口士里黒灬
皷,口士皮鼓丷
龕,口月立个
龠,口个冊
囲,囗井
因,囗大
姻,囗大女
恩,囗大心
菌,囗禾艹
口,囗
困,囗木
梱,囗木
図,囗斗
団,囗寸
悃,囗木忄
惱,囗巛忄
椢,囗木玉
氤,囗大气
湎,囗面氵
溷,囗豕氵
烟,囗大火
瑙,囗巛玉
箘,囗禾竹
篦,囗比竹
總,囗夂心糸
聰,囗夂心耳
腦,囗巛月
臘,囗巛月臼鼠
茵,囗大艹
蓖,囗比艹
貔,囗比豸
鑞,囗巛臼金鼠
鬣,囗彡臼長髟鼠
麕,囗广比禾鹿
娃,土女
越,土戈走
煙,土火襾
牡,土牛
佳,土亻
街,土彳行
浬,土田里氵
蛙,土虫
垣,土日
赫,土赤
規,土大見
起,土己走
圭,土
珪,土玉
桂,土木
畦,土田
墾,土爪艮豸犭
栽,土戈木
載,土戈車
鮭,土田魚灬
詩,土寸言
侍,土寸亻
寺,土寸
持,土寸扌
時,土寸日
痔,土寸疒
蒔,土寸日艹
赦,土攴赤
社,土礻
庄,土广
粧,土广米
場,土日勿
塵,土广比鹿
赤,土
繊,土戈糸赤
塑,土屮月丷
走,土
増,土日田丷
堆,土隹
待,土寸彳
達,土玉羊丷辶
坦,土日
地,土也
墜,土豕丷阝.
坪,土干丷
堤,土日疋
堵,土日老
徒,土彳走
杜,土木
等,土寸竹
特,土寸牛
埜,土木
封,土寸
陛,土比阝.
墓,土大日艹
坊,土方
墨,土里黒灬
埋,土里
傲,土攴方亻
圸,土山
坎,土欠
圻,土斤
址,土止
坩,土甘
垈,土弋亻
坿,土寸亻
垠,土艮
垳,土彳行
埆,土角
埒,土寸爪
堋,土月
塲,土日勿
塢,土鳥灬
塰,土毋氵
毀,土殳臼
塒,土寸日
堽,土止网
塹,土斤車
墅,土里マ
墹,土日門
墫,土寸酉丷
墸,土日老艹
墮,土工月阝.
壗,土彐皿聿灬
壘,土田
壟,土月立
壻,土月疋
奎,土大
峙,土寸山
幇,土寸巾
恚,土心
恃,土寸忄
懴,土戈韭忄
截,土戈隹
挂,土扌
捏,土日扌
敖,土攴方
殱,土戈歹韭
汢,土氵
涅,土日氵
湮,土襾氵
熬,土攴方灬
甄,土瓦襾
畤,土寸田
疆,土弓田
籖,土戈竹韭
纎,土戈糸韭
肚,土月
螯,土攴方虫
螫,土攴虫赤
袿,土衤
覲,土見艹
贅,土攴方貝
賍,土广貝
赭,土日老赤
赱,土走
趁,土彡走个
趙,土月走尚
遨,土攴方辶
閨,土門
鞋,土革
韃,土玉羊革丷辶
鰲,土攴方田魚灬
鼇,土攴方黽
荏,士亻艹
款,士欠示
仕,士亻
志,士心
誌,士心言
実,士大宀
声,士尸
壮,士爿
荘,士爿艹
装,士爿衣
廷,士廴玉
俵,士衣亻
表,士衣
壯,士爿
奘,士大爿
弉,士廾爿
痣,士心疒
聲,士尸殳耳
莊,士爿艹
衽,士玉衤
裝,士爿衣
謦,士尸殳言
賣,士网貝
榎,夂木目自
夏,夂自
緩,夂爪糸
徽,夂山彳糸
後,夂幺彳
終,夂糸
条,夂攴木
数,夂女攴米
麦,夂
髪,夂彡長髟
復,夂彳日
腹,夂日月
複,夂日衤
覆,夂彳日襾
麺,夂面麥
薮,夂女攴米艹
履,夂尸彳日
隆,夂生阝.
夊,夂
嶐,夂山生阝.
廈,夂广自
徼,夂彳方白
愎,夂日忄
倏,夂攴犬亻
篷,夂竹辶
絛,夂攴糸亻
蝮,夂日虫
輹,夂日車
馥,夂日禾香
鰒,夂日田魚灬
麥,夂
麪,夂止疋麥
移,夕禾
傑,夕木舛亻
拶,夕巛扌
汐,夕氵
舛,夕
然,夕犬灬
多,夕
撚,夕犬扌灬
燃,夕火犬灬
桝,夕木舛
燐,夕火米舛
隣,夕米舛阝.
鱗,夕田米舛魚灬
麟,夕广比米舛鹿
憐,夕米舛忄
侈,夕亻
夛,夕彐
梦,夕木
夥,夕木田
奬,夕大寸爿
將,夕寸爿
桀,夕木舛
漿,夕寸水爿
獎,夕寸爿犬
鄰,夕米舛.阝
鏘,夕寸爿金
庵,大广田
倦,大己亻
拳,大手丷
捲,大己丷扌
蚕,大虫
臭,大自
奨,大寸爪爿
笑,大禾竹
尖,大小
遷,大己襾辶
送,大丷辶
奪,大寸隹
鄭,大酉丷.阝
天,大
奈,大示
捺,大示扌
漠,大日氵艹
莫,大日艹
美,大玉羊丷
奮,大田隹
慕,大心日艹
暮,大日艹
幕,大巾日艹
膜,大日月艹
摸,大日扌艹
模,大日木艹
戻,大戸
涙,大戸氵
類,大米貝頁
僊,大己襾亻
奚,大幺爪
奢,大日老
奠,大酉丷
寞,大宀日艹
捩,大戸扌
擲,大酉丷扌.阝
昊,大日
溪,大幺爪氵
濮,大玉羊亻丷氵
獏,大日犭艹
瓠,大瓜
糢,大日米艹
綟,大戸糸
羃,大巾日网艹
羹,大玉羊丷灬
莽,大廾艹
蟇,大日虫艹
蟆,大日虫艹
蟒,大廾虫艹
謨,大日言艹
貘,大日豸艹
躾,大玉羊身丷
驀,大日馬艹
鴦,大鳥灬
鷄,大幺爪鳥灬
姐,女目
安,女宀
按,女宀扌
案,女宀木
鞍,女宀革
委,女禾
萎,女禾艹
嬰,女貝
宴,女宀日
嫁,女宀豕
姦,女
好,女子
腰,女月襾
婚,女日氏
桜,女木尚
嫉,女疒矢
屡,女尸米
妾,女立
娼,女日
姓,女生
接,女立扌
妥,女爪
嬬,女而雨
汝,女氵
媒,女木甘
妃,女己
姫,女臣
妨,女方
婿,女月疋
娘,女艮
要,女襾
楼,女木米
倭,女禾亻
奸,女干
妝,女爿
侫,女亻亡
妣,女比
妲,女日
姆,女毋
姜,女玉羊丷
婪,女木
媼,女日皿
媽,女馬
嫣,女止鳥灬
嫖,女示襾
嫺,女日門
嫻,女木門
嬶,女廾田目自鼻
孀,女木目雨
妛,女山
悽,女彐忄
晏,女宀日
椄,女木立
櫻,女木貝
瓔,女玉貝
珱,女玉尚
痿,女疒禾
矮,女矢禾
籔,女攴竹米
綏,女爪糸
纓,女糸貝
逶,女禾辶
霎,女立雨
餒,女爪食
鮟,女宀田魚灬
鸚,女貝鳥灬
季,子禾
教,子攴老
孤,子瓜
菰,子瓜艹
孝,子老
酵,子老酉
仔,子亻
孜,子攴
字,子宀
浮,子爪氵
孟,子皿
猛,子皿犭
遊,子方辶
李,子木
俘,子爪亻
孕,子乃
孚,子爪
孳,子幺丷
斈,子文
孱,子尸
悸,子禾忄
桴,子木爪
殍,子歹爪
游,子方氵
潺,子尸氵
艀,子爪舟
蜉,子爪虫
蝣,子方虫
郛,子爪.阝
家,宀豕
稼,宀禾豕
萱,宀日艹
寛,宀見艹
宜,宀目
誼,宀目言
守,宀寸
狩,宀寸犭
宗,宀示
宿,宀白亻
縮,宀白糸亻
宵,宀月尚
錠,宀疋金
審,宀田米釆
崇,宀山示
宣,宀日
宋,宀木
綜,宀示糸
綻,宀疋糸
寵,宀月立
鶴,宀隹鳥灬
定,宀疋
淀,宀疋氵
寮,宀小日个丷
牢,宀牛
宦,宀臣
寉,宀隹
寔,宀日疋
實,宀田貝
寳,宀小玉貝
掟,宀疋扌
棕,宀木示
淙,宀示氵
瀋,宀田米釆氵
疉,宀彐田
粽,宀示米
糘,宀米豕
聢,宀疋耳
萓,宀目艹
蓿,宀白亻艹
諚,宀疋言
鏥,宀白金个亻
尉,寸尸示
慰,寸尸心示
欝,寸木网艮
蔚,寸尸示艹
射,寸身
謝,寸言身
爵,寸爪网艮
遵,寸酉丷辶
将,寸爪爿
蒋,寸爪爿艹
醤,寸爪爿酉
尊,寸酉丷
村,寸木
対,寸文
耐,寸而
樽,寸木酉丷
酎,寸酉
討,寸言
導,寸自丷辶
得,寸彳日
肘,寸月
付,寸亻
府,寸广亻
符,寸竹亻
腐,寸广肉亻
附,寸亻阝.
鮒,寸田魚亻灬
鱒,寸田酉魚丷灬
俯,寸广亻
對,寸玉羊丷
忖,寸忄
拊,寸亻扌
柎,寸木亻
椨,寸广木亻
溽,寸辰氵
熨,寸尸火示
紂,寸糸
縟,寸糸辰
罸,寸网言
腑,寸广月亻
苻,寸亻艹
蓐,寸辰艹
蓴,寸日虫艹
褥,寸辰衤
麝,寸广比身鹿
隙,小日阝.
県,小目
糸,小幺
穆,小彡白禾
僚,小日亻
療,小日疒个丷
瞭,小日目个丷
遼,小日个丷辶
敍,小干攴个
敘,小干攴个
珎,小玉
畭,小工田个
齋,小齊元
耽,尢耳
沈,尢氵
眈,尢目
酖,尢酉
鴆,尢鳥灬
駅,尸馬
梶,尸木毛
屑,尸月尚
刷,尸巾刂
尻,尸九
層,尸日田丷
択,尸扌
沢,尸氵
遅,尸玉羊丷辶
屠,尸日老
尿,尸水
尾,尸毛
侭,尸亻
漏,尸雨氵
屁,尸比
屎,尸米
屓,尸貝
爲,尸爪灬
穉,尸牛禾
遲,尸水牛辶
鈬,尸金
逆,屮丷辶
朔,屮月丷
遡,屮月丷辶
愬,屮心月丷
槊,屮月木丷
溯,屮月丷氵
艸,屮
蚩,屮山虫
闕,屮欠門丷
岳,山斤
催,山隹亻
瑞,山玉而
仙,山亻
岱,山弋亻
辿,山辶
端,山立而
徴,山彳攴玉
懲,山彳心攴玉
島,山白鳥
嶋,山鳥灬
微,山彳攴
崩,山月
嵐,山風
岌,山及
岑,山个
岻,山氏
岶,山白
峭,山月尚
嶌,山鳥灬
崟,山金
崑,山日比
崔,山隹
嵌,山欠甘
嵎,山田禸
嵳,山工玉羊丷
嶄,山斤車
嶽,山犬言
巒,山糸言
惴,山而忄
揣,山而扌
搗,山鳥扌
摧,山隹扌
杣,山木
槝,山木鳥
汕,山氵
湍,山而氵
澂,山攴玉氵
猯,山而犭
疝,山疒
繃,山月糸
閊,山門
黴,山彳攴里黒灬
釧,巛金
訓,巛言
荒,巛艹亡
災,巛火
巡,巛辶
順,巛貝頁
馴,巛馬鳥灬
剄,巛工刂
徑,巛工彳
痙,巛工疒
經,巛工糸
緇,巛田糸
脛,巛工月
莖,巛工艹
輕,巛工車
輜,巛田車
逕,巛工辶
錙,巛田金
頸,巛工貝頁
鯔,巛田魚灬
攻,工攴
江,工氵
紅,工糸
貢,工貝
項,工貝頁
鴻,工鳥氵灬
試,工弋言
式,工弋
拭,工弋扌
虹,工虫
杢,工木
弑,工弋木
扛,工扌
搓,工玉羊丷扌
杠,工木
椌,工木穴
槓,工木貝
汞,工水
熕,工火貝
穩,工彐心爪禾
縒,工玉糸羊丷
肛,工月
訌,工言
軾,工弋戈車
隱,工彐心爪阝.
改,己攴
忌,己心
紀,己糸
記,己言
配,己酉
杞,己木
爬,己爪巴
祀,己礻
錦,巾白金
製,巾牛衣刂
席,巾广
帳,巾長
幡,巾田米釆
帽,巾日目
棉,巾木白
綿,巾白糸
帋,巾氏
帛,巾白
帷,巾隹
幟,巾戈日立音
幢,巾立里
芋,干艹
刊,干刂
汗,干氵
竿,干竹
肝,干月
軒,干車
秤,干禾丷
平,干丷
幵,干
怦,干丷忄
悍,干日忄
扞,干扌
捍,干日扌
旱,干日
杆,干木
栞,干木
桿,干日木
泙,干丷氵
湃,干扌氵
滸,干言氵
稈,干日禾
苹,干丷艹
萍,干丷氵艹
訐,干言
鑿,干殳臼金丷
駻,干日馬
鮃,干田魚丷灬
鼾,干廾田目自鼻
畿,幺戈田
郷,幺艮.阝
響,幺日立艮音.阝
饗,幺艮食.阝
幻,幺
慈,幺心丷
滋,幺丷氵
聯,幺耳
麼,幺广木麻
樂,幺木白
櫟,幺木白
濕,幺日氵灬
聨,幺廾耳
茲,幺艹
藥,幺木白艹
酳,幺月酉
關,幺門
隰,幺日阝.灬
顯,幺日貝頁灬
応,广心
庫,广車
康,广彐水隶
糠,广彐水米隶
漉,广比鹿氵
鹿,广比
遮,广辶灬
庶,广灬
床,广木
薦,广艹灬
鷹,广隹鳥亻灬
底,广氏
庭,广廴玉
庇,广比
摩,广手木麻
麻,广木
傭,广彐用亻
庸,广彐用聿
廊,广艮.阝
麓,广木比鹿
庠,广玉羊丷
廁,广貝刂
廂,广木目
廐,广无艮
廏,广殳艮
廢,广弓殳癶
慷,广彐水隶忄
應,广心隹亻
麾,广木毛麻
糜,广木米麻
縻,广木糸麻
膺,广月隹亻
軈,广心身隹亻
轆,广比車鹿
鏖,广比金鹿
鱇,广彐水田隶魚灬
麋,广比米鹿
靡,广木非麻
延,廴止
健,廴聿亻
建,廴聿
鍵,廴聿金
挺,廴玉扌
艇,廴玉舟
廼,廴襾
梃,廴木玉
腱,廴月聿
霆,廴玉雨
戒,廾戈
械,廾戈木
開,廾門
算,廾目竹
鼻,廾田自
弄,廾玉
彝,廾彐米糸彑
枅,廾木
舁,廾臼
誡,廾戈言
袋,弋衣亻
貸,弋貝亻
黛,弋里黒亻灬
代,弋亻
鳶,弋鳥灬
斌,弋文止
賦,弋止貝
武,弋止
鵡,弋戈止鳥灬
弌,弋
曵,弋曰
杙,弋木
玳,弋玉亻
貮,弋貝
粥,弓米
彊,弓田
弧,弓瓜
第,弓竹
弛,弓也
張,弓長
丐,弓止疋
弖,弓
弭,弓耳
弸,弓月
彎,弓糸言
漲,弓長氵
灣,弓糸言氵
發,弓殳癶
躬,弓身
縁,彐糸豕
穏,彐心爪禾
互,彐彑
捷,彐疋扌
雪,彐雨
逮,彐水隶辶
濯,彐隹氵
鱈,彐田雨魚灬
擢,彐隹扌
当,彐尚
剥,彐水刂
曜,彐日隹
緑,彐水糸隶
禄,彐水隶礻
録,彐水金隶
儘,彐皿亻灬
彑,彐
戳,彐戈隹
掾,彐豕扌
档,彐木尚
棣,彐木水隶
椽,彐木豕
櫂,彐木隹
櫞,彐木糸豕
沍,彐彑氵
燿,彐火隹
盡,彐皿聿
肅,彐爿片聿
膤,彐月雨
艝,彐舟雨
轌,彐車雨
隶,彐水
彩,彡木爪
疹,彡疒个
診,彡言个
須,彡貝頁
杉,彡木
珍,彡玉个
彬,彡木
殄,彡歹个
畛,彡田个
蓚,彡攴亻艹
衫,彡衤
袗,彡个衤
軫,彡車个
餮,彡歹食个
髟,彡長
髣,彡方長髟
髦,彡毛長髟
鬚,彡貝長頁髟
桁,彳木行
行,彳
従,彳疋丷
縦,彳疋糸丷
徐,彳禾个
征,彳止
役,彳殳
律,彳聿
葎,彳聿艹
彷,彳方
徃,彳生
徂,彳目
很,彳艮
徙,彳止疋
徘,彳非
徨,彳玉白
愆,彳心行氵
慫,彳心疋丷
樅,彳木疋丷
衍,彳行氵
絎,彳糸行
聳,彳疋耳丷
衢,彳目行隹
裄,彳行衤
銜,彳行金
鵆,彳行鳥灬
意,心日立音
億,心日立音亻
憶,心日立音忄
臆,心日月立音
恵,心田
惚,心忄勿
懇,心爪艮豸犭
思,心田
偲,心田亻
蕊,心艹
愁,心火禾
芯,心艹
惣,心牛勿
想,心木目
息,心自
恥,心耳
悲,心非
稔,心禾个
悶,心門
愈,心月个刂
癒,心月疒个刂
恷,心木亻
恙,心玉羊丷
慇,心日殳
慂,心用マ氵
慙,心斤車
懋,心木矛マ
戀,心糸言
棯,心木个
檍,心日木立音
沁,心氵
熄,心火自
穗,心日禾虫
腮,心月田
蘂,心木艹
蟋,心米虫釆
顋,心田貝頁
鯰,心田魚个灬
鰓,心田魚灬
識,戈日立言音
戎,戈
織,戈日立糸音
職,戈日立耳音
伐,戈亻
筏,戈竹亻
閥,戈門亻
戉,戈
戔,戈
戛,戈白自
找,戈扌
棧,戈木
殘,戈歹
淺,戈氵
濺,戈貝氵
熾,戈日火立音
牋,戈片
犧,戈牛玉禾羊丷
盞,戈皿
箋,戈竹
綫,戈糸
羲,戈玉禾羊丷
戝,戈貝
賤,戈貝
贇,戈文止貝
錢,戈金
錻,戈止金
餞,戈食
芦,戸艹
肩,戸月
雇,戸隹
顧,戸貝隹頁
所,戸斤
肇,戸攴聿
扉,戸非
房,戸方
炉,戸火
枦,戸木
粐,戸米
綮,戸攴糸
舮,戸舟
鈩,戸金
撃,手殳車
攣,手糸言
襷,手丷尚衤
敢,攴耳
激,攴方白氵
政,攴止
敗,攴貝
繁,攴毋糸
敏,攴毋
倣,攴方亻
放,攴方
牧,攴牛
枚,攴木
夂,攴
攷,攴
畋,攴田
變,攴糸言
條,攴木亻
橄,攴木耳
檄,攴方木白
滌,攴木亻氵
瞰,攴目耳
脩,攴月亻
覈,攴方白襾
邀,攴方白辶
鶩,攴矛鳥灬
蚊,文虫
斑,文玉
斐,文非
紋,文糸
憫,文門忄
旻,文日
紊,文糸
閔,文門
馼,文馬
科,斗禾
斜,斗禾个
料,斗米
抖,斗扌
斛,斗角
槲,斗木角
萪,斗禾艹
蚪,斗虫
蝌,斗禾虫
祈,斤礻
丘,斤
欣,斤欠
芹,斤艹
近,斤辶
駈,斤馬
斬,斤車
暫,斤日車
質,斤貝
誓,斤言扌
逝,斤扌辶
析,斤木
折,斤扌
漸,斤車氵
斧,斤父
忻,斤忄
慚,斤車忄
掀,斤欠扌
晢,斤日扌
晰,斤日木
槧,斤木車
沂,斤氵
浙,斤扌氵
淅,斤木氵
皙,斤木白
蚯,斤虫
蜥,斤木虫
邱,斤.阝
釿,斤金
鏨,斤車金
於,方个
旋,方疋
族,方矢
芳,方艹
訪,方言
紡,方糸
肪,方月
防,方阝.
旄,方毛
旌,方生
旛,方田米釆
旙,方田米釆
枋,方木
楞,方木网
簇,方矢竹
膂,方月衣
舫,方舟
蔟,方矢艹
錺,方金艹
鏃,方矢金
餝,方食艹
魴,方田魚灬
曁,无日艮
漑,无艮氵
潛,无日氵
簪,无日竹
蠶,无日虫
譖,无日言
旭,日九
暗,日立音
闇,日立門音
旺,日玉
温,日皿氵
音,日立
晦,日毋
柑,日木甘
桓,日木
澗,日門氵
簡,日竹門
間,日門
沓,日水
顕,日貝頁
恒,日忄
香,日禾
甑,日瓦田丷
昏,日氏
昆,日比
混,日比氵
晒,日襾
賜,日貝勿
煮,日老灬
者,日老
借,日亻
錫,日金勿
暑,日老
曙,日网老
渚,日老氵
緒,日糸老
署,日网老
書,日聿
薯,日网老艹
藷,日老言艹
諸,日老言
昌,日
晶,日
菖,日艹
晋,日
椙,日木
是,日疋
星,日生
醒,日生酉
曽,日田丷
僧,日田亻丷
憎,日田丷忄
贈,日田貝丷
醍,日疋酉
題,日疋貝頁
但,日亻
担,日扌
旦,日
胆,日月
瀦,日老豕氵
猪,日老犭
著,日老艹
腸,日月勿
提,日疋扌
賭,日老貝
都,日老.阝
箸,日竹老
鰭,日田老魚灬
萌,日月艹
冒,日目
明,日月
盟,日月皿
儲,日老言亻
揚,日扌勿
楊,日木勿
陽,日阝.勿
糧,日米里
量,日里
魯,日田魚灬
櫓,日木田魚灬
倡,日亻
會,日网个
偖,日老亻
剔,日刂勿
怛,日忄
慍,日皿忄
惺,日生忄
杲,日木
杳,日木
晝,日聿
晨,日辰
暃,日非
暹,日隹辶
檜,日木网个
棍,日木比
棔,日木氏
楮,日木老
榲,日木皿
橸,日木
汨,日氵
潴,日老氵犭
焜,日比火
燗,日火門
猖,日犭
猩,日生犭
獪,日网个犭
甦,日生
疸,日疒
瘟,日疒皿
癇,日疒門
睹,日目老
箟,日比竹
繝,日糸門
繪,日糸网个
耆,日老
耒,日木
腥,日月生
膃,日月皿
膾,日月网个
艪,日田舟魚灬
菎,日比艹
蓍,日老艹
薀,日皿氵艹
薈,日网个艹
蘊,日皿糸艹
衵,日衤
袒,日衤
褞,日皿衤
襴,日木門衤
覩,日老見
諳,日立言音
豬,日老豕
闍,日老門
靼,日革
鞜,日水革
饂,日皿食
鯤,日比田魚灬
鰛,日田皿魚灬
鱠,日田网魚个灬
黯,日立里音黒灬
胃,月田
謂,月田言
股,月殳
肯,月止
削,月刂尚
襲,月立衣
梢,月木尚
消,月尚氵
肖,月尚
鞘,月革尚
煎,月丷刂灬
箭,月竹丷刂
腺,月水白
前,月丷刂
揃,月丷刂扌
腿,月艮辶
瀧,月立氵
蛸,月虫尚
棚,月木
脹,月長
騰,月馬丷
豚,月豕
覇,月襾革
肥,月巴
膝,月木水个
朋,月
鵬,月鳥灬
望,月玉亡
愉,月个刂忄
諭,月言个刂
輸,月車个刂
龍,月立
朗,月艮
聾,月立耳
偸,月个亻刂
悄,月尚忄
揄,月个刂扌
擶,月竹丷刂扌
朖,月艮
朧,月立
霸,月雨革
楡,月木个刂
渭,月田氵
渝,月个刂氵
潸,月木氵
瑜,月玉个刂
瓏,月玉立
瘉,月疒个刂
瘠,月疒癶个
稍,月禾尚
籠,月立竹
胥,月疋
胝,月氏
脣,月辰
腓,月非
膰,月田米釆
臍,月齊
臑,月而雨
萠,月艹
蘢,月立艹
蝟,月田虫
蝓,月虫个刂
覦,月見个刂
誚,月言尚
逍,月尚辶
逾,月个刂辶
遯,月豕辶
銷,月金尚
鍮,月金个刂
隴,月立阝.
霄,月雨尚
鮹,月田魚尚灬
桶,木用マ
菓,木田艹
課,木田言
概,木牙艮
橿,木田
株,木牛
栢,木白
閑,木門
休,木亻
禁,木示
襟,木示衤
栗,木襾
権,木矢隹
根,木艮
査,木目
採,木爪扌
采,木爪
菜,木爪艹
雑,木隹九
漆,木水个氵
集,木隹
柔,木矛マ
樵,木隹灬
湘,木目氵
森,木
栖,木襾
栓,木玉个
染,木九氵
楚,木疋
巣,木田尚
相,木目
霜,木目雨
体,木亻
茶,木个艹
牒,木片世
蝶,木虫世
諜,木言世
椎,木隹
栂,木毋
椴,木殳
楢,木酉丷
杷,木巴
梅,木毋
楳,木甘
煤,木火甘
柏,木白
箱,木目竹
鉢,木金
樋,木用マ辶
枇,木比
標,木示襾
焚,木火
某,木甘
謀,木甘言
本,木
柾,木止
様,木水玉羊丷
葉,木艹世
裸,木田衤
梨,木禾刂
林,木
淋,木氵
琳,木玉
榔,木艮.阝
刹,木刂
剿,木田刂尚
慄,木襾忄
揉,木矛マ扌
枉,木玉
杰,木灬
柤,木目
柢,木氏
柆,木立
柧,木瓜
桷,木角
梟,木鳥
椚,木門
楷,木比白
楸,木火禾
楾,木水白
楙,木矛
椰,木耳.阝
楪,木世
槃,木殳舟
樮,木火襾
槞,木立竜
樔,木田尚
樊,木
樌,木田貝
橇,木毛
橦,木立里
樢,木鳥灬
櫑,木田
欅,木丷尚扌
欒,木糸言
沐,木氵
渣,木目氵
渫,木氵世
烋,木亻灬
牀,木爿
痳,木疒
篥,木竹襾
糅,木矛米マ
綵,木爪糸
緤,木糸世
罧,木网
菻,木艹
襯,木立見衤
貅,木豸亻
醂,木酉
襍,木隹衤
霖,木雨
鮴,木田魚亻灬
鰈,木田魚灬世
飲,欠食
歓,欠矢隹
欽,欠金
炊,欠火
羨,欠玉羊丷氵
軟,欠車
盜,欠皿氵
篏,欠甘竹
企,止个
祉,止礻
症,止疒
証,止言
鉦,止金
正,止
沚,止氵
澁,止氵
焉,止灬
篶,止竹鳥灬
耻,止耳
蕋,止艹
阯,止阝.
例,歹亻刂
列,歹刂
烈,歹刂灬
裂,歹衣刂
洌,歹刂氵
薤,歹韭艹
疫,殳疒
繋,殳糸車
設,殳言
鍛,殳金
投,殳扌
搬,殳舟扌
般,殳舟
盤,殳皿舟
没,殳氵
燬,殳火玉臼
瘢,殳疒舟
芟,殳艹
酘,殳酉
悔,毋忄
海,毋氵
慣,毋貝忄
貫,毋貝
侮,毋亻
毎,毋
拇,毋扌
苺,毋艹
莓,毋艹
袰,毋衣
誨,毋言
皆,比白
階,比白阝.
批,比扌
毘,比田
琵,比玉
偕,比白亻
揩,比白扌
秕,比禾
粃,比米
紕,比糸
諧,比白言
豼,比豸
粍,毛米
毳,毛
毯,毛火
瓱,毛瓦
竓,毛立
耄,毛老
祇,氏礻
紙,氏糸
低,氏亻
抵,氏扌
邸,氏.阝
牴,氏牛
祗,氏礻
羝,氏玉羊丷
觝,氏角
詆,氏言
鴟,氏鳥灬
汽,气氵
愾,气米忄
氣,气米
黍,水禾
泉,水白
線,水白糸
拯,水扌
湶,水白氵
盥,水皿臼
祿,水隶彑礻
閖,水門
炎,火
荻,火犭艹
鰍,火田禾魚灬
灸,火久
鍬,火禾金
秋,火禾
淡,火氵
談,火言
萩,火禾艹
畑,火田
煩,火貝頁
愀,火禾忄
湫,火禾氵
煌,火玉白
燔,火田米釆
燧,火豕丷辶
燹,火豕
狄,火犭
甃,火瓦禾
痰,火疒
耿,火耳
逖,火犭辶
鞦,火禾革
餤,火食
僞,爪亻灬
抓,爪扌
滔,爪臼氵
稻,爪禾臼
笊,爪竹
覓,爪見
霪,爪玉雨氵
爺,父耳.阝
駁,爻馬
爼,爻目
状,爿犬
芽,牙艹
雅,牙隹
慨,牙艮忄
既,牙艮
邪,牙.阝
訝,牙言
鴉,牙鳥灬
件,牛亻
牲,牛生
犁,牛禾刂
犇,牛
獄,犬言犭
伏,犬亻
黙,犬里黒灬
默,犬里黒灬
茯,犬亻艹
袱,犬亻衤
闃,犬目門
飆,犬風
閏,玉門
狂,玉犭
琴,玉个
玖,玉久
現,玉見
皇,玉白
潤,玉門氵
祥,玉羊丷礻
詳,玉羊言丷
詮,玉言个
鮮,玉田羊魚丷灬
琢,玉豕
賃,玉貝亻
琶,玉巴
僕,玉羊亻丷
洋,玉羊丷氵
羊,玉丷
養,玉羊食丷
理,玉里
佯,玉羊亻丷
惶,玉白忄
抂,玉扌
汪,玉氵
湟,玉白氵
瀁,玉羊食丷氵
珀,玉白
珥,玉耳
琅,玉艮
瑯,玉艮.阝
琲,玉非
瑣,玉貝尚
瑪,玉馬
痊,玉疒个
痒,玉疒羊丷
癢,玉疒羊食丷
癬,玉疒羊魚丷
盖,玉皿羊丷
筌,玉竹个
篁,玉白竹
羔,玉羊丷灬
譱,玉羊言丷
蘚,玉田羊魚丷艹灬
蝗,玉白虫
袵,玉亻衤
觧,玉羊角丷
誑,玉言犭
遑,玉白辶
銓,玉金个
鍠,玉白金
閠,玉門
隍,玉白阝.
鰉,玉田白魚灬
鱶,玉田羊艮食魚丷灬
狐,瓜犭
瓢,瓜示襾
觚,瓜角
瓶,瓦丷
瓲,瓦屯
瓸,瓦白
紺,甘糸
拑,甘扌
疳,甘疒
箝,甘竹扌
蚶,甘虫
邯,甘.阝
酣,甘酉
鉗,甘金
性,生忄
笙,生竹
痛,用疒マ
通,用マ辶
涌,用マ氵
俑,用亻マ
甬,用
蛹,用虫マ
誦,用言
鯒,用田魚灬
畏,田衣
劃,田聿刂
漁,田魚氵灬
魚,田灬
隈,田衣阝.
鯉,田里魚灬
細,田糸
鴫,田鳥灬
蘇,田禾魚艹灬
滝,田立氵竜
佃,田亻
猫,田犭艹
播,田米釆扌
畠,田白
藩,田米釆氵艹
番,田米釆
蕃,田米釆艹
描,田扌艹
苗,田艹
錨,田金艹
螺,田糸虫
雷,田雨
累,田糸
儡,田亻
擂,田雨扌
沺,田氵
潘,田米釆氵
猥,田衣犭
畄,田尚
畩,田衣
畫,田聿
瘰,田疒糸
癘,田疒禸艹
縲,田糸
繙,田米糸釆
飜,田米釆飛
薊,田魚刂艹灬
蕾,田雨艹
蘓,田禾魚艹灬
蟠,田米虫釆
邁,田禸艹辶
鈿,田金
鐇,田米釆金
騾,田糸馬
鯏,田禾魚刂灬
鯡,田非魚灬
鰾,田示襾魚灬
鷭,田米釆鳥灬
蛋,疋虫
痕,疒艮
疾,疒矢
痢,疒禾刂
疽,疒目
瘋,疒風
癨,疒隹雨
祭,癶示个
蔡,癶示艹
狛,白犭
伯,白亻
拍,白扌
泊,白氵
箔,白竹氵
粕,白米
舶,白舟
迫,白辶
百,白
佰,白亻
怕,白忄
竡,白立
粨,白米貝頁
葩,白艹巴
袙,白衤
貊,白豸
陌,白阝.
血,皿
衆,皿血
恤,皿血忄
洫,皿血氵
縊,皿糸丷
蠱,皿虫
謚,皿言丷
隘,皿丷阝.
鷁,皿鳥丷灬
且,目
眼,目艮
纂,目竹糸
首,目自丷
瞳,目立里
懼,目隹忄
沮,目氵
泪,目氵
瞿,目隹
苴,目艹
苜,目艹
蛆,目虫
詛,目言
雎,目隹
馗,目自首丷九
茅,矛艹
矜,矛个マ
潅,矢隹氵
観,矢見隹
矩,矢巨
侯,矢亻
薙,矢隹艹
猴,矢亻犭
笶,矢竹
篌,矢竹亻ユ
雉,矢隹
漂,示襾氵
票,示襾
蒜,示艹
剽,示襾刂
慓,示襾忄
縹,示糸襾
飄,示襾風
飃,示襾風
驃,示襾馬
穐,禾龜
秀,禾乃
除,禾个阝.
稚,禾隹
誘,禾言乃
利,禾刂
俐,禾亻刂
悧,禾刂忄
秬,禾巨
龝,禾龜
綉,禾糸勿
莉,禾刂艹
蜊,禾虫刂
酥,禾酉
位,立亻
笠,立竹
泣,立氵
鐘,立里金
憧,立里忄
撞,立里扌
童,立里
粒,立米
篭,立竹竜
僮,立里亻
拉,立扌
潼,立里氵
竝,立
艟,立舟里
苙,立艹
莅,立亻艹
颯,立風
笹,竹世
篤,竹馬鳥灬
筆,竹聿
笆,竹巴
筧,竹見
篆,竹豕彑
粟,米襾
粂,米久
謎,米言辶
釆,米
迷,米辶
粫,米而
粮,米艮
糯,米而雨
維,糸隹
純,糸屯
絶,糸色
緋,糸非
緬,糸面
羅,糸网隹
紲,糸世
絲,糸
縺,糸車辶
繩,糸黽
繻,糸而雨
纃,糸齊
緕,糸齊
臠,糸肉言
蘿,糸网隹艹
蠻,糸虫言
邏,糸网隹辶
鑼,糸网金隹
鑾,糸言金
鸞,糸言鳥灬
罪,网非
罵,网馬
買,网貝
罰,网言刂
罹,网隹忄
羈,网革馬
覽,网臣見
詈,网言
考,老
拷,老扌
蛯,老虫
儒,而雨亻
需,而雨
濡,而雨氵
懦,而雨忄
蠕,而虫雨
襦,而雨衤
轜,而車雨
餌,耳艮食
茸,耳艹
聞,耳門
耶,耳.阝
懾,耳忄
揶,耳扌.阝
攝,耳扌
聶,耳
鑷,耳金
顳,耳貝頁
鵈,耳鳥灬
津,聿氵
攬,臣見扌
道,自首丷辶
鼠,臼
攪,臼見扌
舊,臼隹艹
諂,臼言
餡,臼食
鼡,臼
銀,艮金
限,艮阝.
恨,艮忄
退,艮辶
良,艮
浪,艮氵
狼,艮犭
郎,艮.阝
狠,艮犭
莨,艮艹
螂,艮虫.阝
褪,艮辶衤
触,虫角
蝕,虫食
独,虫犭
蜆,虫見
蜃,虫辰
蜚,虫非
蠅,虫黽
蟲,虫
蠡,虫豕彑
衾,衣个
裴,衣非
茜,襾艹
価,襾亻
價,襾貝亻
洒,襾氵
覊,襾革馬
賈,襾貝
迺,襾辶
視,見礻
俔,見亻
靦,見面
鵤,角鳥灬
讐,言隹
信,言亻
誰,言隹
這,言辶
誹,言非
誉,言丷尚
讎,言隹
遂,豕丷辶
隊,豕丷阝.
逐,豕辶
彖,豕彑
隧,豕丷辶阝.
貍,豸里
霾,豸里雨
鎖,貝金尚
側,貝亻刂
則,貝刂
測,貝刂氵
頓,貝頁屯
賑,貝辰
狽,貝犭
頁,貝
貰,貝世
惻,貝刂忄
貪,貝个
贔,貝
鵙,貝鳥灬
軌,車九
轟,車
陣,車阝.
輩,車非
漣,車氵辶
蓮,車艹辶
連,車辶
俥,車亻
鏈,車金辶
酒,酉氵
酋,酉丷
猶,酉丷犭
蕕,酉丷犭艹
遒,酉丷辶
逎,酉辶
黒,里灬
狸,里犭
裡,里衤
俚,里亻
黔,里黒个灬
錐,金隹
鈍,金屯
淦,金氵
瀏,金刂氵
鉅,金巨
鋩,金艹亡
鐫,金隹
悵,長忄
萇,長艹
們,門亻
捫,門扌
藺,門隹艹
閂,門
闖,門馬
惟,隹忄
焦,隹灬
蕉,隹艹灬
進,隹辶
推,隹扌
儁,隹亻
儺,隹亻艹
憔,隹忄灬
淮,隹氵
霍,隹雨
騅,隹馬
鷦,隹鳥灬
霏,雨非
俳,非亻
排,非扌
菲,非艹
韮,韭艹
飩,食屯
馳,馬也
驫,馬
鬮,鬥龜
烏,鳥灬
蔦,鳥艹灬
鳩,鳥九灬
黎,黍勿
衿,个衤
今,个
仇,亻九
伍,亻
他,亻也
刈,刂
苅,刂艹
矛,マ
憮,忄灬無
扱,扌及
把,扌巴
汚,氵
池,氵也
沌,氵屯
泄,氵世
茫,氵艹亡
芭,艹巴
苣,艹巨
辷,辶
祁,.阝礻
邨,.阝屯
鳥,灬
